source_id,source_order_number,source_order_issue_date,source_annex,source_row_number,event_type,event_date,instrument_type,instrument_identity,isin,currency,announced_nominal_RON_million,auction_date,sson_date,issue_date,maturity_date,original_maturity,original_maturity_unit,residual_maturity_years,coupon_pct,accrued_interest_RON_per_security,completed_by_cutoff
mof_order_6826_january_2025,6826,2024-12-30,2,2,BENCHMARK_BOND_COMPETITIVE_REFERENCE_AUCTION,2025-01-09,BENCHMARK_BOND,RO7EKTXSRHD6,RO7EKTXSRHD6,RON,500.000,2025-01-09,2025-01-10,2025-01-13,2026-01-28,2,years,1.04,6.30,302.09,True
mof_order_6826_january_2025,6826,2024-12-30,2,1,BENCHMARK_BOND_COMPETITIVE_REFERENCE_AUCTION,2025-01-09,BENCHMARK_BOND,ROJVM8ELBDU4,ROJVM8ELBDU4,RON,500.000,2025-01-09,2025-01-10,2025-01-13,2029-04-25,5,years,4.28,6.30,226.97,True
mof_order_6826_january_2025,6826,2024-12-30,2,2,BENCHMARK_BOND_SSON,2025-01-10,BENCHMARK_BOND,RO7EKTXSRHD6,RO7EKTXSRHD6,RON,75.000,2025-01-09,2025-01-10,2025-01-13,2026-01-28,2,years,1.04,6.30,302.09,True
mof_order_6826_january_2025,6826,2024-12-30,2,1,BENCHMARK_BOND_SSON,2025-01-10,BENCHMARK_BOND,ROJVM8ELBDU4,ROJVM8ELBDU4,RON,75.000,2025-01-09,2025-01-10,2025-01-13,2029-04-25,5,years,4.28,6.30,226.97,True
mof_order_6826_january_2025,6826,2024-12-30,2,3,BENCHMARK_BOND_COMPETITIVE_REFERENCE_AUCTION,2025-01-13,BENCHMARK_BOND,ROCDG04X8WJ7,ROCDG04X8WJ7,RON,500.000,2025-01-13,2025-01-14,2025-01-15,2028-04-26,4,years,3.28,6.30,227.84,True
mof_order_6826_january_2025,6826,2024-12-30,1,1,T_BILL_COMPETITIVE_REFERENCE_AUCTION,2025-01-13,T_BILL_DISCOUNT,ROCNYYYXL9V2,ROCNYYYXL9V2,RON,600.000,2025-01-13,,2025-01-15,2025-06-30,166,days,,,,True
mof_order_6826_january_2025,6826,2024-12-30,2,3,BENCHMARK_BOND_SSON,2025-01-14,BENCHMARK_BOND,ROCDG04X8WJ7,ROCDG04X8WJ7,RON,75.000,2025-01-13,2025-01-14,2025-01-15,2028-04-26,4,years,3.28,6.30,227.84,True
mof_order_6826_january_2025,6826,2024-12-30,2,4,BENCHMARK_BOND_COMPETITIVE_REFERENCE_AUCTION,2025-01-16,BENCHMARK_BOND,ROTM7EDD92S2,ROTM7EDD92S2,RON,400.000,2025-01-16,2025-01-17,2025-01-20,2034-07-31,11,years,9.53,7.10,168.26,True
mof_order_6826_january_2025,6826,2024-12-30,2,5,BENCHMARK_BOND_COMPETITIVE_REFERENCE_AUCTION,2025-01-16,BENCHMARK_BOND,ROYNCLHRHVV6,ROYNCLHRHVV6,RON,400.000,2025-01-16,2025-01-17,2025-01-20,2030-07-29,6,years,5.52,6.85,164.21,True
mof_order_6826_january_2025,6826,2024-12-30,2,4,BENCHMARK_BOND_SSON,2025-01-17,BENCHMARK_BOND,ROTM7EDD92S2,ROTM7EDD92S2,RON,60.000,2025-01-16,2025-01-17,2025-01-20,2034-07-31,11,years,9.53,7.10,168.26,True
mof_order_6826_january_2025,6826,2024-12-30,2,5,BENCHMARK_BOND_SSON,2025-01-17,BENCHMARK_BOND,ROYNCLHRHVV6,ROYNCLHRHVV6,RON,60.000,2025-01-16,2025-01-17,2025-01-20,2030-07-29,6,years,5.52,6.85,164.21,True
mof_order_6826_january_2025,6826,2024-12-30,2,6,BENCHMARK_BOND_COMPETITIVE_REFERENCE_AUCTION,2025-01-20,BENCHMARK_BOND,RO0DU3PR9NF9,RO0DU3PR9NF9,RON,300.000,2025-01-20,2025-01-21,2025-01-22,2038-02-24,15,years,13.10,7.90,359.39,True
mof_order_6826_january_2025,6826,2024-12-30,2,6,BENCHMARK_BOND_SSON,2025-01-21,BENCHMARK_BOND,RO0DU3PR9NF9,RO0DU3PR9NF9,RON,45.000,2025-01-20,2025-01-21,2025-01-22,2038-02-24,15,years,13.10,7.90,359.39,True
mof_order_6826_january_2025,6826,2024-12-30,1,2,T_BILL_COMPETITIVE_REFERENCE_AUCTION,2025-01-23,T_BILL_DISCOUNT,ROCNXXUAHGU5,ROCNXXUAHGU5,RON,800.000,2025-01-23,,2025-01-27,2026-01-26,364,days,,,,True
mof_order_6826_january_2025,6826,2024-12-30,2,7,BENCHMARK_BOND_COMPETITIVE_REFERENCE_AUCTION,2025-01-27,BENCHMARK_BOND,RODFIUK7ZV55,RODFIUK7ZV55,RON,400.000,2025-01-27,2025-01-28,2025-01-29,2035-04-25,11,years,10.24,6.75,257.98,True
mof_order_6826_january_2025,6826,2024-12-30,2,7,BENCHMARK_BOND_SSON,2025-01-28,BENCHMARK_BOND,RODFIUK7ZV55,RODFIUK7ZV55,RON,60.000,2025-01-27,2025-01-28,2025-01-29,2035-04-25,11,years,10.24,6.75,257.98,True
mof_order_6826_january_2025,6826,2024-12-30,2,8,BENCHMARK_BOND_COMPETITIVE_REFERENCE_AUCTION,2025-01-30,BENCHMARK_BOND,RO52CQA3C829,RO52CQA3C829,RON,300.000,2025-01-30,2025-01-31,2025-02-03,2032-09-29,10,years,7.66,8.25,143.53,True
mof_order_6826_january_2025,6826,2024-12-30,2,9,BENCHMARK_BOND_COMPETITIVE_REFERENCE_AUCTION,2025-01-30,BENCHMARK_BOND,ROXNS8ONSUB3,ROXNS8ONSUB3,RON,500.000,2025-01-30,2025-01-31,2025-02-03,2026-07-27,1,years,1.48,7.20,188.38,True
mof_order_6826_january_2025,6826,2024-12-30,2,8,BENCHMARK_BOND_SSON,2025-01-31,BENCHMARK_BOND,RO52CQA3C829,RO52CQA3C829,RON,45.000,2025-01-30,2025-01-31,2025-02-03,2032-09-29,10,years,7.66,8.25,143.53,True
mof_order_6826_january_2025,6826,2024-12-30,2,9,BENCHMARK_BOND_SSON,2025-01-31,BENCHMARK_BOND,ROXNS8ONSUB3,ROXNS8ONSUB3,RON,75.000,2025-01-30,2025-01-31,2025-02-03,2026-07-27,1,years,1.48,7.20,188.38,True
mof_order_159_february_2025,159,2025-01-31,2,1,BENCHMARK_BOND_COMPETITIVE_REFERENCE_AUCTION,2025-02-03,BENCHMARK_BOND,ROJVM8ELBDU4,ROJVM8ELBDU4,RON,500.000,2025-02-03,2025-02-04,2025-02-05,2029-04-25,5,years,4.22,6.30,246.82,True
mof_order_159_february_2025,159,2025-01-31,1,1,T_BILL_COMPETITIVE_REFERENCE_AUCTION,2025-02-03,T_BILL_DISCOUNT,RO05RCI2KKE4,RO05RCI2KKE4,RON,800.000,2025-02-03,,2025-02-05,2025-08-27,203,days,,,,True
mof_order_159_february_2025,159,2025-01-31,2,1,BENCHMARK_BOND_SSON,2025-02-04,BENCHMARK_BOND,ROJVM8ELBDU4,ROJVM8ELBDU4,RON,75.000,2025-02-03,2025-02-04,2025-02-05,2029-04-25,5,years,4.22,6.30,246.82,True
mof_order_159_february_2025,159,2025-01-31,2,2,BENCHMARK_BOND_COMPETITIVE_REFERENCE_AUCTION,2025-02-06,BENCHMARK_BOND,ROCDG04X8WJ7,ROCDG04X8WJ7,RON,700.000,2025-02-06,2025-02-07,2025-02-10,2028-04-26,4,years,3.21,6.30,250.27,True
mof_order_159_february_2025,159,2025-01-31,2,3,BENCHMARK_BOND_COMPETITIVE_REFERENCE_AUCTION,2025-02-06,BENCHMARK_BOND,ROTM7EDD92S2,ROTM7EDD92S2,RON,500.000,2025-02-06,2025-02-07,2025-02-10,2034-07-31,11,years,9.47,7.10,188.68,True
mof_order_159_february_2025,159,2025-01-31,2,2,BENCHMARK_BOND_SSON,2025-02-07,BENCHMARK_BOND,ROCDG04X8WJ7,ROCDG04X8WJ7,RON,105.000,2025-02-06,2025-02-07,2025-02-10,2028-04-26,4,years,3.21,6.30,250.27,True
mof_order_159_february_2025,159,2025-01-31,2,3,BENCHMARK_BOND_SSON,2025-02-07,BENCHMARK_BOND,ROTM7EDD92S2,ROTM7EDD92S2,RON,75.000,2025-02-06,2025-02-07,2025-02-10,2034-07-31,11,years,9.47,7.10,188.68,True
mof_order_159_february_2025,159,2025-01-31,2,4,BENCHMARK_BOND_COMPETITIVE_REFERENCE_AUCTION,2025-02-10,BENCHMARK_BOND,ROYNCLHRHVV6,ROYNCLHRHVV6,RON,600.000,2025-02-10,2025-02-11,2025-02-12,2030-07-29,6,years,5.46,6.85,185.79,True
mof_order_159_february_2025,159,2025-01-31,2,4,BENCHMARK_BOND_SSON,2025-02-11,BENCHMARK_BOND,ROYNCLHRHVV6,ROYNCLHRHVV6,RON,90.000,2025-02-10,2025-02-11,2025-02-12,2030-07-29,6,years,5.46,6.85,185.79,True
mof_order_159_february_2025,159,2025-01-31,2,5,BENCHMARK_BOND_COMPETITIVE_REFERENCE_AUCTION,2025-02-13,BENCHMARK_BOND,RO0DU3PR9NF9,RO0DU3PR9NF9,RON,600.000,2025-02-13,2025-02-14,2025-02-17,2038-02-24,15,years,13.03,7.90,387.45,True
mof_order_159_february_2025,159,2025-01-31,2,5,BENCHMARK_BOND_SSON,2025-02-14,BENCHMARK_BOND,RO0DU3PR9NF9,RO0DU3PR9NF9,RON,90.000,2025-02-13,2025-02-14,2025-02-17,2038-02-24,15,years,13.03,7.90,387.45,True
mof_order_159_february_2025,159,2025-01-31,2,6,BENCHMARK_BOND_COMPETITIVE_REFERENCE_AUCTION,2025-02-17,BENCHMARK_BOND,RO45DLJ4EE76,RO45DLJ4EE76,RON,500.000,2025-02-17,2025-02-18,2025-02-19,2027-04-28,2,years,2.19,7.40,301.07,True
mof_order_159_february_2025,159,2025-01-31,2,6,BENCHMARK_BOND_SSON,2025-02-18,BENCHMARK_BOND,RO45DLJ4EE76,RO45DLJ4EE76,RON,75.000,2025-02-17,2025-02-18,2025-02-19,2027-04-28,2,years,2.19,7.40,301.07,True
mof_order_159_february_2025,159,2025-01-31,2,7,BENCHMARK_BOND_COMPETITIVE_REFERENCE_AUCTION,2025-02-20,BENCHMARK_BOND,RO52CQA3C829,RO52CQA3C829,RON,600.000,2025-02-20,2025-02-21,2025-02-24,2032-09-29,10,years,7.60,8.25,167.26,True
mof_order_159_february_2025,159,2025-01-31,1,2,T_BILL_COMPETITIVE_REFERENCE_AUCTION,2025-02-20,T_BILL_DISCOUNT,ROAXXDU0HWO7,ROAXXDU0HWO7,RON,800.000,2025-02-20,,2025-02-24,2026-01-28,338,days,,,,True
mof_order_159_february_2025,159,2025-01-31,2,7,BENCHMARK_BOND_SSON,2025-02-21,BENCHMARK_BOND,RO52CQA3C829,RO52CQA3C829,RON,90.000,2025-02-20,2025-02-21,2025-02-24,2032-09-29,10,years,7.60,8.25,167.26,True
mof_order_159_february_2025,159,2025-01-31,2,8,BENCHMARK_BOND_COMPETITIVE_REFERENCE_AUCTION,2025-02-24,BENCHMARK_BOND,ROOFOYB15203,ROOFOYB15203,RON,500.000,2025-02-24,2025-02-25,2025-02-26,2031-07-27,6,years,6.42,7.65,224.26,True
mof_order_159_february_2025,159,2025-01-31,2,9,BENCHMARK_BOND_COMPETITIVE_REFERENCE_AUCTION,2025-02-24,BENCHMARK_BOND,ROXNS8ONSUB3,ROXNS8ONSUB3,RON,600.000,2025-02-24,2025-02-25,2025-02-26,2026-07-27,1,years,1.41,7.20,211.07,True
mof_order_159_february_2025,159,2025-01-31,2,8,BENCHMARK_BOND_SSON,2025-02-25,BENCHMARK_BOND,ROOFOYB15203,ROOFOYB15203,RON,75.000,2025-02-24,2025-02-25,2025-02-26,2031-07-27,6,years,6.42,7.65,224.26,True
mof_order_159_february_2025,159,2025-01-31,2,9,BENCHMARK_BOND_SSON,2025-02-25,BENCHMARK_BOND,ROXNS8ONSUB3,ROXNS8ONSUB3,RON,90.000,2025-02-24,2025-02-25,2025-02-26,2026-07-27,1,years,1.41,7.20,211.07,True
mof_order_159_february_2025,159,2025-01-31,2,10,BENCHMARK_BOND_COMPETITIVE_REFERENCE_AUCTION,2025-02-27,BENCHMARK_BOND,RODFIUK7ZV55,RODFIUK7ZV55,RON,500.000,2025-02-27,2025-02-28,2025-03-03,2035-04-25,11,years,10.15,6.75,288.49,True
mof_order_159_february_2025,159,2025-01-31,2,10,BENCHMARK_BOND_SSON,2025-02-28,BENCHMARK_BOND,RODFIUK7ZV55,RODFIUK7ZV55,RON,75.000,2025-02-27,2025-02-28,2025-03-03,2035-04-25,11,years,10.15,6.75,288.49,True
mof_order_352_march_2025,352,2025-02-28,2,1,BENCHMARK_BOND_COMPETITIVE_REFERENCE_AUCTION,2025-03-03,BENCHMARK_BOND,ROJVM8ELBDU4,ROJVM8ELBDU4,RON,500.000,2025-03-03,2025-03-04,2025-03-05,2029-04-25,5,years,4.14,6.30,270.99,True
mof_order_352_march_2025,352,2025-02-28,1,1,T_BILL_COMPETITIVE_REFERENCE_AUCTION,2025-03-03,T_BILL_DISCOUNT,RO4YPMZAGV71,RO4YPMZAGV71,RON,800.000,2025-03-03,,2025-03-05,2025-09-29,208,days,,,,True
mof_order_352_march_2025,352,2025-02-28,2,1,BENCHMARK_BOND_SSON,2025-03-04,BENCHMARK_BOND,ROJVM8ELBDU4,ROJVM8ELBDU4,RON,75.000,2025-03-03,2025-03-04,2025-03-05,2029-04-25,5,years,4.14,6.30,270.99,True
mof_order_352_march_2025,352,2025-02-28,2,3,BENCHMARK_BOND_COMPETITIVE_REFERENCE_AUCTION,2025-03-06,BENCHMARK_BOND,ROCDG04X8WJ7,ROCDG04X8WJ7,RON,700.000,2025-03-06,2025-03-07,2025-03-10,2028-04-26,4,years,3.13,6.30,274.44,True
mof_order_352_march_2025,352,2025-02-28,2,2,BENCHMARK_BOND_COMPETITIVE_REFERENCE_AUCTION,2025-03-06,BENCHMARK_BOND,ROTM7EDD92S2,ROTM7EDD92S2,RON,600.000,2025-03-06,2025-03-07,2025-03-10,2034-07-31,11,years,9.40,7.10,215.92,True
mof_order_352_march_2025,352,2025-02-28,2,3,BENCHMARK_BOND_SSON,2025-03-07,BENCHMARK_BOND,ROCDG04X8WJ7,ROCDG04X8WJ7,RON,105.000,2025-03-06,2025-03-07,2025-03-10,2028-04-26,4,years,3.13,6.30,274.44,True
mof_order_352_march_2025,352,2025-02-28,2,2,BENCHMARK_BOND_SSON,2025-03-07,BENCHMARK_BOND,ROTM7EDD92S2,ROTM7EDD92S2,RON,90.000,2025-03-06,2025-03-07,2025-03-10,2034-07-31,11,years,9.40,7.10,215.92,True
mof_order_352_march_2025,352,2025-02-28,2,4,BENCHMARK_BOND_COMPETITIVE_REFERENCE_AUCTION,2025-03-10,BENCHMARK_BOND,ROYNCLHRHVV6,ROYNCLHRHVV6,RON,800.000,2025-03-10,2025-03-11,2025-03-12,2030-07-29,6,years,5.38,6.85,212.07,True
mof_order_352_march_2025,352,2025-02-28,1,2,T_BILL_COMPETITIVE_REFERENCE_AUCTION,2025-03-10,T_BILL_DISCOUNT,RODIQFSA4XE9,RODIQFSA4XE9,RON,1000.000,2025-03-10,,2025-03-12,2026-02-23,348,days,,,,True
mof_order_352_march_2025,352,2025-02-28,2,4,BENCHMARK_BOND_SSON,2025-03-11,BENCHMARK_BOND,ROYNCLHRHVV6,ROYNCLHRHVV6,RON,120.000,2025-03-10,2025-03-11,2025-03-12,2030-07-29,6,years,5.38,6.85,212.07,True
mof_order_352_march_2025,352,2025-02-28,2,5,BENCHMARK_BOND_COMPETITIVE_REFERENCE_AUCTION,2025-03-13,BENCHMARK_BOND,ROWLVEJ2A207,ROWLVEJ2A207,RON,400.000,2025-03-13,2025-03-14,2025-03-17,2033-10-30,10,years,8.63,7.20,136.11,True
mof_order_352_march_2025,352,2025-02-28,2,5,BENCHMARK_BOND_SSON,2025-03-14,BENCHMARK_BOND,ROWLVEJ2A207,ROWLVEJ2A207,RON,60.000,2025-03-13,2025-03-14,2025-03-17,2033-10-30,10,years,8.63,7.20,136.11,True
mof_order_352_march_2025,352,2025-02-28,2,6,BENCHMARK_BOND_COMPETITIVE_REFERENCE_AUCTION,2025-03-17,BENCHMARK_BOND,ROOFOYB15203,ROOFOYB15203,RON,700.000,2025-03-17,2025-03-18,2025-03-19,2031-07-27,6,years,6.36,7.65,246.27,True
mof_order_352_march_2025,352,2025-02-28,2,6,BENCHMARK_BOND_SSON,2025-03-18,BENCHMARK_BOND,ROOFOYB15203,ROOFOYB15203,RON,105.000,2025-03-17,2025-03-18,2025-03-19,2031-07-27,6,years,6.36,7.65,246.27,True
mof_order_352_march_2025,352,2025-02-28,2,7,BENCHMARK_BOND_COMPETITIVE_REFERENCE_AUCTION,2025-03-20,BENCHMARK_BOND,ROCKMXSWCFH2,ROCKMXSWCFH2,RON,300.000,2025-03-20,2025-03-21,2025-03-24,2040-04-30,15,years,15.11,7.40,332.49,True
mof_order_352_march_2025,352,2025-02-28,2,7,BENCHMARK_BOND_SSON,2025-03-21,BENCHMARK_BOND,ROCKMXSWCFH2,ROCKMXSWCFH2,RON,45.000,2025-03-20,2025-03-21,2025-03-24,2040-04-30,15,years,15.11,7.40,332.49,True
mof_order_352_march_2025,352,2025-02-28,2,8,BENCHMARK_BOND_COMPETITIVE_REFERENCE_AUCTION,2025-03-24,BENCHMARK_BOND,ROXNS8ONSUB3,ROXNS8ONSUB3,RON,600.000,2025-03-24,2025-03-25,2025-03-26,2026-07-27,1,years,1.34,7.20,238.68,True
mof_order_352_march_2025,352,2025-02-28,2,8,BENCHMARK_BOND_SSON,2025-03-25,BENCHMARK_BOND,ROXNS8ONSUB3,ROXNS8ONSUB3,RON,90.000,2025-03-24,2025-03-25,2025-03-26,2026-07-27,1,years,1.34,7.20,238.68,True
mof_order_352_march_2025,352,2025-02-28,2,9,BENCHMARK_BOND_COMPETITIVE_REFERENCE_AUCTION,2025-03-27,BENCHMARK_BOND,RODFIUK7ZV55,RODFIUK7ZV55,RON,500.000,2025-03-27,2025-03-28,2025-03-31,2035-04-25,11,years,10.07,6.75,314.38,True
mof_order_352_march_2025,352,2025-02-28,2,9,BENCHMARK_BOND_SSON,2025-03-28,BENCHMARK_BOND,RODFIUK7ZV55,RODFIUK7ZV55,RON,75.000,2025-03-27,2025-03-28,2025-03-31,2035-04-25,11,years,10.07,6.75,314.38,True
mof_order_352_march_2025,352,2025-02-28,2,10,BENCHMARK_BOND_COMPETITIVE_REFERENCE_AUCTION,2025-03-31,BENCHMARK_BOND,RO45DLJ4EE76,RO45DLJ4EE76,RON,500.000,2025-03-31,2025-04-01,2025-04-02,2027-04-28,2,years,2.07,7.40,343.64,True
mof_order_352_march_2025,352,2025-02-28,2,10,BENCHMARK_BOND_SSON,2025-04-01,BENCHMARK_BOND,RO45DLJ4EE76,RO45DLJ4EE76,RON,75.000,2025-03-31,2025-04-01,2025-04-02,2027-04-28,2,years,2.07,7.40,343.64,False
