source_id,source_url,source_order_number,source_order_issue_date,source_publication_date,source_version_role,supersedes_order_if_any,materialisation_role,source_annex,source_row_number,event_type,event_date,instrument_type,instrument_identity,isin,currency,announced_nominal_RON,announced_nominal_RON_million,issue_date,maturity_date,original_maturity_days_or_years,original_maturity_unit,residual_maturity_years,coupon_pct,accrued_interest_RON_per_security
mof_order_6826_january_2025,https://www.mfinante.gov.ro/static/10/Mfp/trezorerie/OMF6826_ianuarie2025.pdf,6826,2024-12-30,,LEGACY_Q1_FROZEN_BASE,,FINAL_EVENT,Annex 2,1,BENCHMARK_BOND_COMPETITIVE_REFERENCE_AUCTION,2025-01-09,BENCHMARK_GOVERNMENT_BOND,ROJVM8ELBDU4,ROJVM8ELBDU4,RON,500000000,500.0,2025-01-13,2029-04-25,5,years,4.28,6.3,226.97
mof_order_6826_january_2025,https://www.mfinante.gov.ro/static/10/Mfp/trezorerie/OMF6826_ianuarie2025.pdf,6826,2024-12-30,,LEGACY_Q1_FROZEN_BASE,,FINAL_EVENT,Annex 2,2,BENCHMARK_BOND_COMPETITIVE_REFERENCE_AUCTION,2025-01-09,BENCHMARK_GOVERNMENT_BOND,RO7EKTXSRHD6,RO7EKTXSRHD6,RON,500000000,500.0,2025-01-13,2026-01-28,2,years,1.04,6.3,302.09
mof_order_6826_january_2025,https://www.mfinante.gov.ro/static/10/Mfp/trezorerie/OMF6826_ianuarie2025.pdf,6826,2024-12-30,,LEGACY_Q1_FROZEN_BASE,,FINAL_EVENT,Annex 1,1,T_BILL_COMPETITIVE_REFERENCE_AUCTION,2025-01-13,DISCOUNT_TREASURY_BILL,ROCNYYYXL9V2,ROCNYYYXL9V2,RON,600000000,600.0,2025-01-15,2025-06-30,166,days,,,
mof_order_6826_january_2025,https://www.mfinante.gov.ro/static/10/Mfp/trezorerie/OMF6826_ianuarie2025.pdf,6826,2024-12-30,,LEGACY_Q1_FROZEN_BASE,,FINAL_EVENT,Annex 2,3,BENCHMARK_BOND_COMPETITIVE_REFERENCE_AUCTION,2025-01-13,BENCHMARK_GOVERNMENT_BOND,ROCDG04X8WJ7,ROCDG04X8WJ7,RON,500000000,500.0,2025-01-15,2028-04-26,4,years,3.28,6.3,227.84
mof_order_6826_january_2025,https://www.mfinante.gov.ro/static/10/Mfp/trezorerie/OMF6826_ianuarie2025.pdf,6826,2024-12-30,,LEGACY_Q1_FROZEN_BASE,,FINAL_EVENT,Annex 2,4,BENCHMARK_BOND_COMPETITIVE_REFERENCE_AUCTION,2025-01-16,BENCHMARK_GOVERNMENT_BOND,ROTM7EDD92S2,ROTM7EDD92S2,RON,400000000,400.0,2025-01-20,2034-07-31,11,years,9.53,7.1,168.26
mof_order_6826_january_2025,https://www.mfinante.gov.ro/static/10/Mfp/trezorerie/OMF6826_ianuarie2025.pdf,6826,2024-12-30,,LEGACY_Q1_FROZEN_BASE,,FINAL_EVENT,Annex 2,5,BENCHMARK_BOND_COMPETITIVE_REFERENCE_AUCTION,2025-01-16,BENCHMARK_GOVERNMENT_BOND,ROYNCLHRHVV6,ROYNCLHRHVV6,RON,400000000,400.0,2025-01-20,2030-07-29,6,years,5.52,6.85,164.21
mof_order_6826_january_2025,https://www.mfinante.gov.ro/static/10/Mfp/trezorerie/OMF6826_ianuarie2025.pdf,6826,2024-12-30,,LEGACY_Q1_FROZEN_BASE,,FINAL_EVENT,Annex 2,6,BENCHMARK_BOND_COMPETITIVE_REFERENCE_AUCTION,2025-01-20,BENCHMARK_GOVERNMENT_BOND,RO0DU3PR9NF9,RO0DU3PR9NF9,RON,300000000,300.0,2025-01-22,2038-02-24,15,years,13.1,7.9,359.39
mof_order_6826_january_2025,https://www.mfinante.gov.ro/static/10/Mfp/trezorerie/OMF6826_ianuarie2025.pdf,6826,2024-12-30,,LEGACY_Q1_FROZEN_BASE,,FINAL_EVENT,Annex 1,2,T_BILL_COMPETITIVE_REFERENCE_AUCTION,2025-01-23,DISCOUNT_TREASURY_BILL,ROCNXXUAHGU5,ROCNXXUAHGU5,RON,800000000,800.0,2025-01-27,2026-01-26,364,days,,,
mof_order_6826_january_2025,https://www.mfinante.gov.ro/static/10/Mfp/trezorerie/OMF6826_ianuarie2025.pdf,6826,2024-12-30,,LEGACY_Q1_FROZEN_BASE,,FINAL_EVENT,Annex 2,7,BENCHMARK_BOND_COMPETITIVE_REFERENCE_AUCTION,2025-01-27,BENCHMARK_GOVERNMENT_BOND,RODFIUK7ZV55,RODFIUK7ZV55,RON,400000000,400.0,2025-01-29,2035-04-25,11,years,10.24,6.75,257.98
mof_order_6826_january_2025,https://www.mfinante.gov.ro/static/10/Mfp/trezorerie/OMF6826_ianuarie2025.pdf,6826,2024-12-30,,LEGACY_Q1_FROZEN_BASE,,FINAL_EVENT,Annex 2,8,BENCHMARK_BOND_COMPETITIVE_REFERENCE_AUCTION,2025-01-30,BENCHMARK_GOVERNMENT_BOND,RO52CQA3C829,RO52CQA3C829,RON,300000000,300.0,2025-02-03,2032-09-29,10,years,7.66,8.25,143.53
mof_order_6826_january_2025,https://www.mfinante.gov.ro/static/10/Mfp/trezorerie/OMF6826_ianuarie2025.pdf,6826,2024-12-30,,LEGACY_Q1_FROZEN_BASE,,FINAL_EVENT,Annex 2,9,BENCHMARK_BOND_COMPETITIVE_REFERENCE_AUCTION,2025-01-30,BENCHMARK_GOVERNMENT_BOND,ROXNS8ONSUB3,ROXNS8ONSUB3,RON,500000000,500.0,2025-02-03,2026-07-27,1,years,1.48,7.2,188.38
mof_order_159_february_2025,https://www.mfinante.gov.ro/static/10/Mfp/trezorerie/OMF159_februarie2025.pdf,159,2025-01-31,,LEGACY_Q1_FROZEN_BASE,,FINAL_EVENT,Annex 1,1,T_BILL_COMPETITIVE_REFERENCE_AUCTION,2025-02-03,DISCOUNT_TREASURY_BILL,RO05RCI2KKE4,RO05RCI2KKE4,RON,800000000,800.0,2025-02-05,2025-08-27,203,days,,,
mof_order_159_february_2025,https://www.mfinante.gov.ro/static/10/Mfp/trezorerie/OMF159_februarie2025.pdf,159,2025-01-31,,LEGACY_Q1_FROZEN_BASE,,FINAL_EVENT,Annex 2,1,BENCHMARK_BOND_COMPETITIVE_REFERENCE_AUCTION,2025-02-03,BENCHMARK_GOVERNMENT_BOND,ROJVM8ELBDU4,ROJVM8ELBDU4,RON,500000000,500.0,2025-02-05,2029-04-25,5,years,4.22,6.3,246.82
mof_order_159_february_2025,https://www.mfinante.gov.ro/static/10/Mfp/trezorerie/OMF159_februarie2025.pdf,159,2025-01-31,,LEGACY_Q1_FROZEN_BASE,,FINAL_EVENT,Annex 2,2,BENCHMARK_BOND_COMPETITIVE_REFERENCE_AUCTION,2025-02-06,BENCHMARK_GOVERNMENT_BOND,ROCDG04X8WJ7,ROCDG04X8WJ7,RON,700000000,700.0,2025-02-10,2028-04-26,4,years,3.21,6.3,250.27
mof_order_159_february_2025,https://www.mfinante.gov.ro/static/10/Mfp/trezorerie/OMF159_februarie2025.pdf,159,2025-01-31,,LEGACY_Q1_FROZEN_BASE,,FINAL_EVENT,Annex 2,3,BENCHMARK_BOND_COMPETITIVE_REFERENCE_AUCTION,2025-02-06,BENCHMARK_GOVERNMENT_BOND,ROTM7EDD92S2,ROTM7EDD92S2,RON,500000000,500.0,2025-02-10,2034-07-31,11,years,9.47,7.1,188.68
mof_order_159_february_2025,https://www.mfinante.gov.ro/static/10/Mfp/trezorerie/OMF159_februarie2025.pdf,159,2025-01-31,,LEGACY_Q1_FROZEN_BASE,,FINAL_EVENT,Annex 2,4,BENCHMARK_BOND_COMPETITIVE_REFERENCE_AUCTION,2025-02-10,BENCHMARK_GOVERNMENT_BOND,ROYNCLHRHVV6,ROYNCLHRHVV6,RON,600000000,600.0,2025-02-12,2030-07-29,6,years,5.46,6.85,185.79
mof_order_159_february_2025,https://www.mfinante.gov.ro/static/10/Mfp/trezorerie/OMF159_februarie2025.pdf,159,2025-01-31,,LEGACY_Q1_FROZEN_BASE,,FINAL_EVENT,Annex 2,5,BENCHMARK_BOND_COMPETITIVE_REFERENCE_AUCTION,2025-02-13,BENCHMARK_GOVERNMENT_BOND,RO0DU3PR9NF9,RO0DU3PR9NF9,RON,600000000,600.0,2025-02-17,2038-02-24,15,years,13.03,7.9,387.45
mof_order_159_february_2025,https://www.mfinante.gov.ro/static/10/Mfp/trezorerie/OMF159_februarie2025.pdf,159,2025-01-31,,LEGACY_Q1_FROZEN_BASE,,FINAL_EVENT,Annex 2,6,BENCHMARK_BOND_COMPETITIVE_REFERENCE_AUCTION,2025-02-17,BENCHMARK_GOVERNMENT_BOND,RO45DLJ4EE76,RO45DLJ4EE76,RON,500000000,500.0,2025-02-19,2027-04-28,2,years,2.19,7.4,301.07
mof_order_159_february_2025,https://www.mfinante.gov.ro/static/10/Mfp/trezorerie/OMF159_februarie2025.pdf,159,2025-01-31,,LEGACY_Q1_FROZEN_BASE,,FINAL_EVENT,Annex 1,2,T_BILL_COMPETITIVE_REFERENCE_AUCTION,2025-02-20,DISCOUNT_TREASURY_BILL,ROAXXDU0HWO7,ROAXXDU0HWO7,RON,800000000,800.0,2025-02-24,2026-01-28,338,days,,,
mof_order_159_february_2025,https://www.mfinante.gov.ro/static/10/Mfp/trezorerie/OMF159_februarie2025.pdf,159,2025-01-31,,LEGACY_Q1_FROZEN_BASE,,FINAL_EVENT,Annex 2,7,BENCHMARK_BOND_COMPETITIVE_REFERENCE_AUCTION,2025-02-20,BENCHMARK_GOVERNMENT_BOND,RO52CQA3C829,RO52CQA3C829,RON,600000000,600.0,2025-02-24,2032-09-29,10,years,7.6,8.25,167.26
mof_order_159_february_2025,https://www.mfinante.gov.ro/static/10/Mfp/trezorerie/OMF159_februarie2025.pdf,159,2025-01-31,,LEGACY_Q1_FROZEN_BASE,,FINAL_EVENT,Annex 2,8,BENCHMARK_BOND_COMPETITIVE_REFERENCE_AUCTION,2025-02-24,BENCHMARK_GOVERNMENT_BOND,ROOFOYB15203,ROOFOYB15203,RON,500000000,500.0,2025-02-26,2031-07-27,6,years,6.42,7.65,224.26
mof_order_159_february_2025,https://www.mfinante.gov.ro/static/10/Mfp/trezorerie/OMF159_februarie2025.pdf,159,2025-01-31,,LEGACY_Q1_FROZEN_BASE,,FINAL_EVENT,Annex 2,9,BENCHMARK_BOND_COMPETITIVE_REFERENCE_AUCTION,2025-02-24,BENCHMARK_GOVERNMENT_BOND,ROXNS8ONSUB3,ROXNS8ONSUB3,RON,600000000,600.0,2025-02-26,2026-07-27,1,years,1.41,7.2,211.07
mof_order_159_february_2025,https://www.mfinante.gov.ro/static/10/Mfp/trezorerie/OMF159_februarie2025.pdf,159,2025-01-31,,LEGACY_Q1_FROZEN_BASE,,FINAL_EVENT,Annex 2,10,BENCHMARK_BOND_COMPETITIVE_REFERENCE_AUCTION,2025-02-27,BENCHMARK_GOVERNMENT_BOND,RODFIUK7ZV55,RODFIUK7ZV55,RON,500000000,500.0,2025-03-03,2035-04-25,11,years,10.15,6.75,288.49
mof_order_352_march_2025,https://mfinante.gov.ro/static/10/Mfp/trezorerie/OMF352martie2025_28022025.pdf,352,2025-02-28,,LEGACY_Q1_FROZEN_BASE,,FINAL_EVENT,Annex 1,1,T_BILL_COMPETITIVE_REFERENCE_AUCTION,2025-03-03,DISCOUNT_TREASURY_BILL,RO4YPMZAGV71,RO4YPMZAGV71,RON,800000000,800.0,2025-03-05,2025-09-29,208,days,,,
mof_order_352_march_2025,https://mfinante.gov.ro/static/10/Mfp/trezorerie/OMF352martie2025_28022025.pdf,352,2025-02-28,,LEGACY_Q1_FROZEN_BASE,,FINAL_EVENT,Annex 2,1,BENCHMARK_BOND_COMPETITIVE_REFERENCE_AUCTION,2025-03-03,BENCHMARK_GOVERNMENT_BOND,ROJVM8ELBDU4,ROJVM8ELBDU4,RON,500000000,500.0,2025-03-05,2029-04-25,5,years,4.14,6.3,270.99
mof_order_352_march_2025,https://mfinante.gov.ro/static/10/Mfp/trezorerie/OMF352martie2025_28022025.pdf,352,2025-02-28,,LEGACY_Q1_FROZEN_BASE,,FINAL_EVENT,Annex 2,2,BENCHMARK_BOND_COMPETITIVE_REFERENCE_AUCTION,2025-03-06,BENCHMARK_GOVERNMENT_BOND,ROTM7EDD92S2,ROTM7EDD92S2,RON,600000000,600.0,2025-03-10,2034-07-31,11,years,9.4,7.1,215.92
mof_order_352_march_2025,https://mfinante.gov.ro/static/10/Mfp/trezorerie/OMF352martie2025_28022025.pdf,352,2025-02-28,,LEGACY_Q1_FROZEN_BASE,,FINAL_EVENT,Annex 2,3,BENCHMARK_BOND_COMPETITIVE_REFERENCE_AUCTION,2025-03-06,BENCHMARK_GOVERNMENT_BOND,ROCDG04X8WJ7,ROCDG04X8WJ7,RON,700000000,700.0,2025-03-10,2028-04-26,4,years,3.13,6.3,274.44
mof_order_352_march_2025,https://mfinante.gov.ro/static/10/Mfp/trezorerie/OMF352martie2025_28022025.pdf,352,2025-02-28,,LEGACY_Q1_FROZEN_BASE,,FINAL_EVENT,Annex 1,2,T_BILL_COMPETITIVE_REFERENCE_AUCTION,2025-03-10,DISCOUNT_TREASURY_BILL,RODIQFSA4XE9,RODIQFSA4XE9,RON,1000000000,1000.0,2025-03-12,2026-02-23,348,days,,,
mof_order_352_march_2025,https://mfinante.gov.ro/static/10/Mfp/trezorerie/OMF352martie2025_28022025.pdf,352,2025-02-28,,LEGACY_Q1_FROZEN_BASE,,FINAL_EVENT,Annex 2,4,BENCHMARK_BOND_COMPETITIVE_REFERENCE_AUCTION,2025-03-10,BENCHMARK_GOVERNMENT_BOND,ROYNCLHRHVV6,ROYNCLHRHVV6,RON,800000000,800.0,2025-03-12,2030-07-29,6,years,5.38,6.85,212.07
mof_order_352_march_2025,https://mfinante.gov.ro/static/10/Mfp/trezorerie/OMF352martie2025_28022025.pdf,352,2025-02-28,,LEGACY_Q1_FROZEN_BASE,,FINAL_EVENT,Annex 2,5,BENCHMARK_BOND_COMPETITIVE_REFERENCE_AUCTION,2025-03-13,BENCHMARK_GOVERNMENT_BOND,ROWLVEJ2A207,ROWLVEJ2A207,RON,400000000,400.0,2025-03-17,2033-10-30,10,years,8.63,7.2,136.11
mof_order_352_march_2025,https://mfinante.gov.ro/static/10/Mfp/trezorerie/OMF352martie2025_28022025.pdf,352,2025-02-28,,LEGACY_Q1_FROZEN_BASE,,FINAL_EVENT,Annex 2,6,BENCHMARK_BOND_COMPETITIVE_REFERENCE_AUCTION,2025-03-17,BENCHMARK_GOVERNMENT_BOND,ROOFOYB15203,ROOFOYB15203,RON,700000000,700.0,2025-03-19,2031-07-27,6,years,6.36,7.65,246.27
mof_order_352_march_2025,https://mfinante.gov.ro/static/10/Mfp/trezorerie/OMF352martie2025_28022025.pdf,352,2025-02-28,,LEGACY_Q1_FROZEN_BASE,,FINAL_EVENT,Annex 2,7,BENCHMARK_BOND_COMPETITIVE_REFERENCE_AUCTION,2025-03-20,BENCHMARK_GOVERNMENT_BOND,ROCKMXSWCFH2,ROCKMXSWCFH2,RON,300000000,300.0,2025-03-24,2040-04-30,15,years,15.11,7.4,332.49
mof_order_352_march_2025,https://mfinante.gov.ro/static/10/Mfp/trezorerie/OMF352martie2025_28022025.pdf,352,2025-02-28,,LEGACY_Q1_FROZEN_BASE,,FINAL_EVENT,Annex 2,8,BENCHMARK_BOND_COMPETITIVE_REFERENCE_AUCTION,2025-03-24,BENCHMARK_GOVERNMENT_BOND,ROXNS8ONSUB3,ROXNS8ONSUB3,RON,600000000,600.0,2025-03-26,2026-07-27,1,years,1.34,7.2,238.68
mof_order_352_march_2025,https://mfinante.gov.ro/static/10/Mfp/trezorerie/OMF352martie2025_28022025.pdf,352,2025-02-28,,LEGACY_Q1_FROZEN_BASE,,FINAL_EVENT,Annex 2,9,BENCHMARK_BOND_COMPETITIVE_REFERENCE_AUCTION,2025-03-27,BENCHMARK_GOVERNMENT_BOND,RODFIUK7ZV55,RODFIUK7ZV55,RON,500000000,500.0,2025-03-31,2035-04-25,11,years,10.07,6.75,314.38
mof_order_352_march_2025,https://mfinante.gov.ro/static/10/Mfp/trezorerie/OMF352martie2025_28022025.pdf,352,2025-02-28,,LEGACY_Q1_FROZEN_BASE,,FINAL_EVENT,Annex 2,10,BENCHMARK_BOND_COMPETITIVE_REFERENCE_AUCTION,2025-03-31,BENCHMARK_GOVERNMENT_BOND,RO45DLJ4EE76,RO45DLJ4EE76,RON,500000000,500.0,2025-04-02,2027-04-28,2,years,2.07,7.4,343.64
mof_order_541_april_2025,https://mfinante.gov.ro/static/10/Mfp/trezorerie/OMF541aprilie2025.pdf,541,2025-03-31,2025-04-01,BASE,,FINAL_EVENT,Annex 1,1,T_BILL_COMPETITIVE_REFERENCE_AUCTION,2025-04-03,DISCOUNT_TREASURY_BILL,RODA26UMBYA6,RODA26UMBYA6,RON,800000000,800.0,2025-04-07,2025-10-27,203,days,,,
mof_order_541_april_2025,https://mfinante.gov.ro/static/10/Mfp/trezorerie/OMF541aprilie2025.pdf,541,2025-03-31,2025-04-01,BASE,,FINAL_EVENT,Annex 2,1,BENCHMARK_BOND_COMPETITIVE_REFERENCE_AUCTION,2025-04-03,BENCHMARK_GOVERNMENT_BOND,ROJVM8ELBDU4,ROJVM8ELBDU4,RON,600000000,600.0,2025-04-07,2029-04-25,5,years,4.05,6.3,299.47
mof_order_541_april_2025,https://mfinante.gov.ro/static/10/Mfp/trezorerie/OMF541aprilie2025.pdf,541,2025-03-31,2025-04-01,BASE,,FINAL_EVENT,Annex 2,2,BENCHMARK_BOND_COMPETITIVE_REFERENCE_AUCTION,2025-04-07,BENCHMARK_GOVERNMENT_BOND,ROTM7EDD92S2,ROTM7EDD92S2,RON,500000000,500.0,2025-04-09,2034-07-31,11,years,9.32,7.1,245.1
mof_order_541_april_2025,https://mfinante.gov.ro/static/10/Mfp/trezorerie/OMF541aprilie2025.pdf,541,2025-03-31,2025-04-01,BASE,,FINAL_EVENT,Annex 2,3,BENCHMARK_BOND_COMPETITIVE_REFERENCE_AUCTION,2025-04-07,BENCHMARK_GOVERNMENT_BOND,ROCDG04X8WJ7,ROCDG04X8WJ7,RON,600000000,600.0,2025-04-09,2028-04-26,4,years,3.05,6.3,300.33
mof_order_541_april_2025,https://mfinante.gov.ro/static/10/Mfp/trezorerie/OMF541aprilie2025.pdf,541,2025-03-31,2025-04-01,BASE,,FINAL_EVENT,Annex 2,4,BENCHMARK_BOND_COMPETITIVE_REFERENCE_AUCTION,2025-04-10,BENCHMARK_GOVERNMENT_BOND,ROYNCLHRHVV6,ROYNCLHRHVV6,RON,600000000,600.0,2025-04-14,2030-07-29,6,years,5.29,6.85,243.03
mof_order_541_april_2025,https://mfinante.gov.ro/static/10/Mfp/trezorerie/OMF541aprilie2025.pdf,541,2025-03-31,2025-04-01,BASE,,FINAL_EVENT,Annex 2,5,BENCHMARK_BOND_COMPETITIVE_REFERENCE_AUCTION,2025-04-14,BENCHMARK_GOVERNMENT_BOND,ROPG9LZUB0O2,ROPG9LZUB0O2,RON,500000000,500.0,2025-04-16,2033-07-27,8,years,8.28,7.5,270.21
mof_order_541_april_2025,https://mfinante.gov.ro/static/10/Mfp/trezorerie/OMF541aprilie2025.pdf,541,2025-03-31,2025-04-01,BASE,,FINAL_EVENT,Annex 1,2,T_BILL_COMPETITIVE_REFERENCE_AUCTION,2025-04-17,DISCOUNT_TREASURY_BILL,ROW1PS5R6D88,ROW1PS5R6D88,RON,800000000,800.0,2025-04-22,2026-03-30,342,days,,,
mof_order_541_april_2025,https://mfinante.gov.ro/static/10/Mfp/trezorerie/OMF541aprilie2025.pdf,541,2025-03-31,2025-04-01,BASE,,FINAL_EVENT,Annex 2,6,BENCHMARK_BOND_COMPETITIVE_REFERENCE_AUCTION,2025-04-24,BENCHMARK_GOVERNMENT_BOND,ROXNS8ONSUB3,ROXNS8ONSUB3,RON,1000000000,1000.0,2025-04-28,2026-07-27,1,years,1.25,7.2,271.23
mof_order_541_april_2025,https://mfinante.gov.ro/static/10/Mfp/trezorerie/OMF541aprilie2025.pdf,541,2025-03-31,2025-04-01,BASE,,FINAL_EVENT,Annex 2,7,BENCHMARK_BOND_COMPETITIVE_REFERENCE_AUCTION,2025-04-24,BENCHMARK_GOVERNMENT_BOND,ROOFOYB15203,ROOFOYB15203,RON,500000000,500.0,2025-04-28,2031-07-27,6,years,6.25,7.65,288.18
mof_order_541_april_2025,https://mfinante.gov.ro/static/10/Mfp/trezorerie/OMF541aprilie2025.pdf,541,2025-03-31,2025-04-01,BASE,,FINAL_EVENT,Annex 2,8,BENCHMARK_BOND_COMPETITIVE_REFERENCE_AUCTION,2025-04-28,BENCHMARK_GOVERNMENT_BOND,RODFIUK7ZV55,RODFIUK7ZV55,RON,500000000,500.0,2025-04-30,2035-04-25,11,years,9.99,6.75,4.62
mof_order_541_april_2025,https://mfinante.gov.ro/static/10/Mfp/trezorerie/OMF541aprilie2025.pdf,541,2025-03-31,2025-04-01,BASE,,FINAL_EVENT,Annex 2,9,BENCHMARK_BOND_COMPETITIVE_REFERENCE_AUCTION,2025-04-28,BENCHMARK_GOVERNMENT_BOND,RO45DLJ4EE76,RO45DLJ4EE76,RON,500000000,500.0,2025-04-30,2027-04-28,2,years,1.99,7.4,2.03
mof_order_728_may_2025,https://mfinante.gov.ro/static/10/Mfp/trezorerie/OMF728_29042025.pdf,728,2025-04-29,2025-04-30,BASE,,SUPERSEDED_INFORMATION_TIME_HISTORY,Annex 2,1,BENCHMARK_BOND_COMPETITIVE_REFERENCE_AUCTION,2025-05-05,BENCHMARK_GOVERNMENT_BOND,ROJVM8ELBDU4,ROJVM8ELBDU4,RON,500000000,500.0,2025-05-07,2029-04-25,5,years,3.97,6.3,10.36
mof_order_752_may_2025_amendment,https://mfinante.gov.ro/static/10/Mfp/trezorerie/OMF752mai2025.pdf,752,2025-05-07,2025-05-07,AMENDMENT,728/2025,FINAL_EVENT,Annex 2,1,BENCHMARK_BOND_COMPETITIVE_REFERENCE_AUCTION,2025-05-05,BENCHMARK_GOVERNMENT_BOND,ROJVM8ELBDU4,ROJVM8ELBDU4,RON,500000000,500.0,2025-05-07,2029-04-25,5,years,3.97,6.3,10.36
mof_order_728_may_2025,https://mfinante.gov.ro/static/10/Mfp/trezorerie/OMF728_29042025.pdf,728,2025-04-29,2025-04-30,BASE,,SUPERSEDED_INFORMATION_TIME_HISTORY,Annex 1,1,T_BILL_COMPETITIVE_REFERENCE_AUCTION,2025-05-08,DISCOUNT_TREASURY_BILL,ROPWXJ9SOKM8,ROPWXJ9SOKM8,RON,500000000,500.0,2025-05-12,2026-04-27,350,days,,,
mof_order_728_may_2025,https://mfinante.gov.ro/static/10/Mfp/trezorerie/OMF728_29042025.pdf,728,2025-04-29,2025-04-30,BASE,,SUPERSEDED_INFORMATION_TIME_HISTORY,Annex 2,2,BENCHMARK_BOND_COMPETITIVE_REFERENCE_AUCTION,2025-05-08,BENCHMARK_GOVERNMENT_BOND,ROTM7EDD92S2,ROTM7EDD92S2,RON,400000000,400.0,2025-05-12,2034-07-31,11,years,9.22,7.1,277.19
mof_order_752_may_2025_amendment,https://mfinante.gov.ro/static/10/Mfp/trezorerie/OMF752mai2025.pdf,752,2025-05-07,2025-05-07,AMENDMENT,728/2025,FINAL_EVENT,Annex 1,1,T_BILL_COMPETITIVE_REFERENCE_AUCTION,2025-05-08,DISCOUNT_TREASURY_BILL,RO7Q5L1O12N6,RO7Q5L1O12N6,RON,500000000,500.0,2025-05-12,2025-12-29,231,days,,,
mof_order_728_may_2025,https://mfinante.gov.ro/static/10/Mfp/trezorerie/OMF728_29042025.pdf,728,2025-04-29,2025-04-30,BASE,,SUPERSEDED_INFORMATION_TIME_HISTORY,Annex 2,3,BENCHMARK_BOND_COMPETITIVE_REFERENCE_AUCTION,2025-05-12,BENCHMARK_GOVERNMENT_BOND,ROYNCLHRHVV6,ROYNCLHRHVV6,RON,500000000,500.0,2025-05-14,2030-07-29,6,years,5.21,6.85,271.18
mof_order_752_may_2025_amendment,https://mfinante.gov.ro/static/10/Mfp/trezorerie/OMF752mai2025.pdf,752,2025-05-07,2025-05-07,AMENDMENT,728/2025,FINAL_EVENT,Annex 2,2,BENCHMARK_BOND_COMPETITIVE_REFERENCE_AUCTION,2025-05-12,BENCHMARK_GOVERNMENT_BOND,ROXNS8ONSUB3,ROXNS8ONSUB3,RON,500000000,500.0,2025-05-14,2026-07-27,1,years,1.2,7.2,287.01
mof_order_728_may_2025,https://mfinante.gov.ro/static/10/Mfp/trezorerie/OMF728_29042025.pdf,728,2025-04-29,2025-04-30,BASE,,SUPERSEDED_INFORMATION_TIME_HISTORY,Annex 1,2,T_BILL_COMPETITIVE_REFERENCE_AUCTION,2025-05-15,DISCOUNT_TREASURY_BILL,RONMAQHF0JS1,RONMAQHF0JS1,RON,500000000,500.0,2025-05-19,2025-12-29,224,days,,,
mof_order_728_may_2025,https://mfinante.gov.ro/static/10/Mfp/trezorerie/OMF728_29042025.pdf,728,2025-04-29,2025-04-30,BASE,,SUPERSEDED_INFORMATION_TIME_HISTORY,Annex 2,4,BENCHMARK_BOND_COMPETITIVE_REFERENCE_AUCTION,2025-05-15,BENCHMARK_GOVERNMENT_BOND,ROCDG04X8WJ7,ROCDG04X8WJ7,RON,500000000,500.0,2025-05-19,2028-04-26,4,years,2.94,6.3,19.85
mof_order_752_may_2025_amendment,https://mfinante.gov.ro/static/10/Mfp/trezorerie/OMF752mai2025.pdf,752,2025-05-07,2025-05-07,AMENDMENT,728/2025,FINAL_EVENT,Annex 1,2,T_BILL_COMPETITIVE_REFERENCE_AUCTION,2025-05-15,DISCOUNT_TREASURY_BILL,RO937L7DZQF3,RO937L7DZQF3,RON,500000000,500.0,2025-05-19,2026-04-29,345,days,,,
mof_order_728_may_2025,https://mfinante.gov.ro/static/10/Mfp/trezorerie/OMF728_29042025.pdf,728,2025-04-29,2025-04-30,BASE,,SUPERSEDED_INFORMATION_TIME_HISTORY,Annex 2,5,BENCHMARK_BOND_COMPETITIVE_REFERENCE_AUCTION,2025-05-19,BENCHMARK_GOVERNMENT_BOND,ROPG9LZUB0O2,ROPG9LZUB0O2,RON,400000000,400.0,2025-05-21,2033-07-27,8,years,8.19,7.5,306.16
mof_order_752_may_2025_amendment,https://mfinante.gov.ro/static/10/Mfp/trezorerie/OMF752mai2025.pdf,752,2025-05-07,2025-05-07,AMENDMENT,728/2025,FINAL_EVENT,Annex 2,3,BENCHMARK_BOND_COMPETITIVE_REFERENCE_AUCTION,2025-05-19,BENCHMARK_GOVERNMENT_BOND,ROCDG04X8WJ7,ROCDG04X8WJ7,RON,500000000,500.0,2025-05-21,2028-04-26,4,years,2.93,6.3,21.58
mof_order_728_may_2025,https://mfinante.gov.ro/static/10/Mfp/trezorerie/OMF728_29042025.pdf,728,2025-04-29,2025-04-30,BASE,,SUPERSEDED_INFORMATION_TIME_HISTORY,Annex 2,6,BENCHMARK_BOND_COMPETITIVE_REFERENCE_AUCTION,2025-05-22,BENCHMARK_GOVERNMENT_BOND,RO0DU3PR9NF9,RO0DU3PR9NF9,RON,200000000,200.0,2025-05-26,2038-02-24,15,years,12.76,7.9,98.48
mof_order_728_may_2025,https://mfinante.gov.ro/static/10/Mfp/trezorerie/OMF728_29042025.pdf,728,2025-04-29,2025-04-30,BASE,,SUPERSEDED_INFORMATION_TIME_HISTORY,Annex 2,7,BENCHMARK_BOND_COMPETITIVE_REFERENCE_AUCTION,2025-05-22,BENCHMARK_GOVERNMENT_BOND,ROXNS8ONSUB3,ROXNS8ONSUB3,RON,500000000,500.0,2025-05-26,2026-07-27,1,years,1.17,7.2,298.85
mof_order_752_may_2025_amendment,https://mfinante.gov.ro/static/10/Mfp/trezorerie/OMF752mai2025.pdf,752,2025-05-07,2025-05-07,AMENDMENT,728/2025,FINAL_EVENT,Annex 1,3,T_BILL_COMPETITIVE_REFERENCE_AUCTION,2025-05-22,DISCOUNT_TREASURY_BILL,RO25VL26UHW0,RO25VL26UHW0,RON,500000000,500.0,2025-05-26,2025-08-27,93,days,,,
mof_order_728_may_2025,https://mfinante.gov.ro/static/10/Mfp/trezorerie/OMF728_29042025.pdf,728,2025-04-29,2025-04-30,BASE,,SUPERSEDED_INFORMATION_TIME_HISTORY,Annex 2,8,BENCHMARK_BOND_COMPETITIVE_REFERENCE_AUCTION,2025-05-26,BENCHMARK_GOVERNMENT_BOND,ROOFOYB15203,ROOFOYB15203,RON,500000000,500.0,2025-05-28,2031-07-27,6,years,6.17,7.65,319.62
mof_order_752_may_2025_amendment,https://mfinante.gov.ro/static/10/Mfp/trezorerie/OMF752mai2025.pdf,752,2025-05-07,2025-05-07,AMENDMENT,728/2025,FINAL_EVENT,Annex 2,4,BENCHMARK_BOND_COMPETITIVE_REFERENCE_AUCTION,2025-05-26,BENCHMARK_GOVERNMENT_BOND,RO45DLJ4EE76,RO45DLJ4EE76,RON,500000000,500.0,2025-05-28,2027-04-28,2,years,1.92,7.4,30.41
mof_order_728_may_2025,https://mfinante.gov.ro/static/10/Mfp/trezorerie/OMF728_29042025.pdf,728,2025-04-29,2025-04-30,BASE,,SUPERSEDED_INFORMATION_TIME_HISTORY,Annex 2,9,BENCHMARK_BOND_COMPETITIVE_REFERENCE_AUCTION,2025-05-29,BENCHMARK_GOVERNMENT_BOND,RODFIUK7ZV55,RODFIUK7ZV55,RON,400000000,400.0,2025-06-02,2035-04-25,11,years,9.9,6.75,35.14
mof_order_728_may_2025,https://mfinante.gov.ro/static/10/Mfp/trezorerie/OMF728_29042025.pdf,728,2025-04-29,2025-04-30,BASE,,SUPERSEDED_INFORMATION_TIME_HISTORY,Annex 2,10,BENCHMARK_BOND_COMPETITIVE_REFERENCE_AUCTION,2025-05-29,BENCHMARK_GOVERNMENT_BOND,RO45DLJ4EE76,RO45DLJ4EE76,RON,500000000,500.0,2025-06-02,2027-04-28,2,years,1.9,7.4,35.48
mof_order_752_may_2025_amendment,https://mfinante.gov.ro/static/10/Mfp/trezorerie/OMF752mai2025.pdf,752,2025-05-07,2025-05-07,AMENDMENT,728/2025,FINAL_EVENT,Annex 2,5,BENCHMARK_BOND_COMPETITIVE_REFERENCE_AUCTION,2025-05-29,BENCHMARK_GOVERNMENT_BOND,ROYNCLHRHVV6,ROYNCLHRHVV6,RON,500000000,500.0,2025-06-02,2030-07-29,6,years,5.16,6.85,289.01
mof_order_871_june_2025,https://mfinante.gov.ro/static/10/Mfp/trezorerie/OMF871iunie2025.pdf,871,2025-05-30,2025-05-30,BASE,,FINAL_EVENT,Annex 1,1,T_BILL_COMPETITIVE_REFERENCE_AUCTION,2025-06-02,DISCOUNT_TREASURY_BILL,ROGAV6FX8DQ2,ROGAV6FX8DQ2,RON,400000000,400.0,2025-06-04,2026-05-27,357,days,,,
mof_order_871_june_2025,https://mfinante.gov.ro/static/10/Mfp/trezorerie/OMF871iunie2025.pdf,871,2025-05-30,2025-05-30,BASE,,FINAL_EVENT,Annex 2,1,BENCHMARK_BOND_COMPETITIVE_REFERENCE_AUCTION,2025-06-02,BENCHMARK_GOVERNMENT_BOND,ROTM7EDD92S2,ROTM7EDD92S2,RON,400000000,400.0,2025-06-04,2034-07-31,11,years,9.16,7.1,299.56
mof_order_871_june_2025,https://mfinante.gov.ro/static/10/Mfp/trezorerie/OMF871iunie2025.pdf,871,2025-05-30,2025-05-30,BASE,,FINAL_EVENT,Annex 2,2,BENCHMARK_BOND_COMPETITIVE_REFERENCE_AUCTION,2025-06-05,BENCHMARK_GOVERNMENT_BOND,ROJVM8ELBDU4,ROJVM8ELBDU4,RON,500000000,500.0,2025-06-10,2029-04-25,5,years,3.88,6.3,39.7
mof_order_871_june_2025,https://mfinante.gov.ro/static/10/Mfp/trezorerie/OMF871iunie2025.pdf,871,2025-05-30,2025-05-30,BASE,,FINAL_EVENT,Annex 2,3,BENCHMARK_BOND_COMPETITIVE_REFERENCE_AUCTION,2025-06-10,BENCHMARK_GOVERNMENT_BOND,RO52CQA3C829,RO52CQA3C829,RON,400000000,400.0,2025-06-12,2032-09-29,10,years,7.3,8.25,289.32
mof_order_871_june_2025,https://mfinante.gov.ro/static/10/Mfp/trezorerie/OMF871iunie2025.pdf,871,2025-05-30,2025-05-30,BASE,,FINAL_EVENT,Annex 2,4,BENCHMARK_BOND_COMPETITIVE_REFERENCE_AUCTION,2025-06-12,BENCHMARK_GOVERNMENT_BOND,ROZBOC49U096,ROZBOC49U096,RON,500000000,500.0,2025-06-16,2028-10-30,6,years,3.38,8.75,274.49
mof_order_871_june_2025,https://mfinante.gov.ro/static/10/Mfp/trezorerie/OMF871iunie2025.pdf,871,2025-05-30,2025-05-30,BASE,,FINAL_EVENT,Annex 2,5,BENCHMARK_BOND_COMPETITIVE_REFERENCE_AUCTION,2025-06-12,BENCHMARK_GOVERNMENT_BOND,ROXL7LT7QZ66,ROXL7LT7QZ66,RON,500000000,500.0,2025-06-16,2030-04-29,7,years,4.87,8.0,52.6
mof_order_871_june_2025,https://mfinante.gov.ro/static/10/Mfp/trezorerie/OMF871iunie2025.pdf,871,2025-05-30,2025-05-30,BASE,,FINAL_EVENT,Annex 2,6,BENCHMARK_BOND_COMPETITIVE_REFERENCE_AUCTION,2025-06-16,BENCHMARK_GOVERNMENT_BOND,ROPG9LZUB0O2,ROPG9LZUB0O2,RON,400000000,400.0,2025-06-18,2033-07-27,8,years,8.11,7.5,334.93
mof_order_871_june_2025,https://mfinante.gov.ro/static/10/Mfp/trezorerie/OMF871iunie2025.pdf,871,2025-05-30,2025-05-30,BASE,,FINAL_EVENT,Annex 2,7,BENCHMARK_BOND_COMPETITIVE_REFERENCE_AUCTION,2025-06-19,BENCHMARK_GOVERNMENT_BOND,ROOFOYB15203,ROOFOYB15203,RON,400000000,400.0,2025-06-23,2031-07-27,6,years,6.1,7.65,346.87
mof_order_871_june_2025,https://mfinante.gov.ro/static/10/Mfp/trezorerie/OMF871iunie2025.pdf,871,2025-05-30,2025-05-30,BASE,,FINAL_EVENT,Annex 2,8,BENCHMARK_BOND_COMPETITIVE_REFERENCE_AUCTION,2025-06-19,BENCHMARK_GOVERNMENT_BOND,RO45DLJ4EE76,RO45DLJ4EE76,RON,400000000,400.0,2025-06-23,2027-04-28,2,years,1.85,7.4,56.77
mof_order_871_june_2025,https://mfinante.gov.ro/static/10/Mfp/trezorerie/OMF871iunie2025.pdf,871,2025-05-30,2025-05-30,BASE,,FINAL_EVENT,Annex 2,9,BENCHMARK_BOND_COMPETITIVE_REFERENCE_AUCTION,2025-06-23,BENCHMARK_GOVERNMENT_BOND,ROYNCLHRHVV6,ROYNCLHRHVV6,RON,400000000,400.0,2025-06-25,2030-07-29,6,years,5.1,6.85,310.6
mof_order_871_june_2025,https://mfinante.gov.ro/static/10/Mfp/trezorerie/OMF871iunie2025.pdf,871,2025-05-30,2025-05-30,BASE,,FINAL_EVENT,Annex 2,10,BENCHMARK_BOND_COMPETITIVE_REFERENCE_AUCTION,2025-06-26,BENCHMARK_GOVERNMENT_BOND,RODFIUK7ZV55,RODFIUK7ZV55,RON,400000000,400.0,2025-06-30,2035-04-25,11,years,9.82,6.75,61.03
mof_order_871_june_2025,https://mfinante.gov.ro/static/10/Mfp/trezorerie/OMF871iunie2025.pdf,871,2025-05-30,2025-05-30,BASE,,FINAL_EVENT,Annex 2,11,BENCHMARK_BOND_COMPETITIVE_REFERENCE_AUCTION,2025-06-30,BENCHMARK_GOVERNMENT_BOND,ROCDG04X8WJ7,ROCDG04X8WJ7,RON,400000000,400.0,2025-07-02,2028-04-26,4,years,2.82,6.3,57.82
mof_order_1088_july_2025,https://mfinante.gov.ro/static/10/Mfp/trezorerie/OMF1088iulie2025.pdf,1088,2025-06-30,2025-07-02,BASE,,FINAL_EVENT,Annex 2,1,BENCHMARK_BOND_COMPETITIVE_REFERENCE_AUCTION,2025-07-03,BENCHMARK_GOVERNMENT_BOND,RO45DLJ4EE76,RO45DLJ4EE76,RON,500000000,500.0,2025-07-07,2027-04-28,2,years,1.81,7.4,70.96
mof_order_1088_july_2025,https://mfinante.gov.ro/static/10/Mfp/trezorerie/OMF1088iulie2025.pdf,1088,2025-06-30,2025-07-02,BASE,,FINAL_EVENT,Annex 2,2,BENCHMARK_BOND_COMPETITIVE_REFERENCE_AUCTION,2025-07-03,BENCHMARK_GOVERNMENT_BOND,ROTM7EDD92S2,ROTM7EDD92S2,RON,300000000,300.0,2025-07-07,2034-07-31,11,years,9.07,7.1,331.66
mof_order_1088_july_2025,https://mfinante.gov.ro/static/10/Mfp/trezorerie/OMF1088iulie2025.pdf,1088,2025-06-30,2025-07-02,BASE,,FINAL_EVENT,Annex 2,3,BENCHMARK_BOND_COMPETITIVE_REFERENCE_AUCTION,2025-07-07,BENCHMARK_GOVERNMENT_BOND,ROJVM8ELBDU4,ROJVM8ELBDU4,RON,400000000,400.0,2025-07-09,2029-04-25,5,years,3.8,6.3,64.73
mof_order_1088_july_2025,https://mfinante.gov.ro/static/10/Mfp/trezorerie/OMF1088iulie2025.pdf,1088,2025-06-30,2025-07-02,BASE,,FINAL_EVENT,Annex 1,1,T_BILL_COMPETITIVE_REFERENCE_AUCTION,2025-07-10,DISCOUNT_TREASURY_BILL,ROEJIZF60TB0,ROEJIZF60TB0,RON,500000000,500.0,2025-07-14,2026-06-29,350,days,,,
mof_order_1088_july_2025,https://mfinante.gov.ro/static/10/Mfp/trezorerie/OMF1088iulie2025.pdf,1088,2025-06-30,2025-07-02,BASE,,FINAL_EVENT,Annex 2,4,BENCHMARK_BOND_COMPETITIVE_REFERENCE_AUCTION,2025-07-10,BENCHMARK_GOVERNMENT_BOND,ROXL7LT7QZ66,ROXL7LT7QZ66,RON,400000000,400.0,2025-07-14,2030-04-29,7,years,4.79,8.0,83.29
mof_order_1088_july_2025,https://mfinante.gov.ro/static/10/Mfp/trezorerie/OMF1088iulie2025.pdf,1088,2025-06-30,2025-07-02,BASE,,FINAL_EVENT,Annex 2,5,BENCHMARK_BOND_COMPETITIVE_REFERENCE_AUCTION,2025-07-14,BENCHMARK_GOVERNMENT_BOND,ROPG9LZUB0O2,ROPG9LZUB0O2,RON,400000000,400.0,2025-07-16,2033-07-27,8,years,8.04,7.5,363.7
mof_order_1088_july_2025,https://mfinante.gov.ro/static/10/Mfp/trezorerie/OMF1088iulie2025.pdf,1088,2025-06-30,2025-07-02,BASE,,FINAL_EVENT,Annex 2,6,BENCHMARK_BOND_COMPETITIVE_REFERENCE_AUCTION,2025-07-14,BENCHMARK_GOVERNMENT_BOND,ROZBOC49U096,ROZBOC49U096,RON,400000000,400.0,2025-07-16,2028-10-30,6,years,3.29,8.75,310.45
mof_order_1088_july_2025,https://mfinante.gov.ro/static/10/Mfp/trezorerie/OMF1088iulie2025.pdf,1088,2025-06-30,2025-07-02,BASE,,FINAL_EVENT,Annex 2,7,BENCHMARK_BOND_COMPETITIVE_REFERENCE_AUCTION,2025-07-17,BENCHMARK_GOVERNMENT_BOND,ROOFOYB15203,ROOFOYB15203,RON,400000000,400.0,2025-07-21,2031-07-27,6,years,6.02,7.65,376.21
mof_order_1088_july_2025,https://mfinante.gov.ro/static/10/Mfp/trezorerie/OMF1088iulie2025.pdf,1088,2025-06-30,2025-07-02,BASE,,FINAL_EVENT,Annex 2,8,BENCHMARK_BOND_COMPETITIVE_REFERENCE_AUCTION,2025-07-21,BENCHMARK_GOVERNMENT_BOND,ROO7A2H5YIN8,ROO7A2H5YIN8,RON,400000000,400.0,2025-07-23,2032-02-25,10,years,6.6,6.7,135.84
mof_order_1088_july_2025,https://mfinante.gov.ro/static/10/Mfp/trezorerie/OMF1088iulie2025.pdf,1088,2025-06-30,2025-07-02,BASE,,FINAL_EVENT,Annex 2,9,BENCHMARK_BOND_COMPETITIVE_REFERENCE_AUCTION,2025-07-24,BENCHMARK_GOVERNMENT_BOND,ROYNCLHRHVV6,ROYNCLHRHVV6,RON,400000000,400.0,2025-07-28,2030-07-29,6,years,5.01,6.85,341.56
mof_order_1088_july_2025,https://mfinante.gov.ro/static/10/Mfp/trezorerie/OMF1088iulie2025.pdf,1088,2025-06-30,2025-07-02,BASE,,FINAL_EVENT,Annex 2,10,BENCHMARK_BOND_COMPETITIVE_REFERENCE_AUCTION,2025-07-24,BENCHMARK_GOVERNMENT_BOND,RO0DU3PR9NF9,RO0DU3PR9NF9,RON,200000000,200.0,2025-07-28,2038-02-24,15,years,12.59,7.9,166.66
mof_order_1088_july_2025,https://mfinante.gov.ro/static/10/Mfp/trezorerie/OMF1088iulie2025.pdf,1088,2025-06-30,2025-07-02,BASE,,FINAL_EVENT,Annex 2,11,BENCHMARK_BOND_COMPETITIVE_REFERENCE_AUCTION,2025-07-28,BENCHMARK_GOVERNMENT_BOND,ROCDG04X8WJ7,ROCDG04X8WJ7,RON,400000000,400.0,2025-07-30,2028-04-26,4,years,2.74,6.3,81.99
mof_order_1088_july_2025,https://mfinante.gov.ro/static/10/Mfp/trezorerie/OMF1088iulie2025.pdf,1088,2025-06-30,2025-07-02,BASE,,FINAL_EVENT,Annex 2,12,BENCHMARK_BOND_COMPETITIVE_REFERENCE_AUCTION,2025-07-28,BENCHMARK_GOVERNMENT_BOND,RODFIUK7ZV55,RODFIUK7ZV55,RON,300000000,300.0,2025-07-30,2035-04-25,11,years,9.74,6.75,88.77
mof_order_1088_july_2025,https://mfinante.gov.ro/static/10/Mfp/trezorerie/OMF1088iulie2025.pdf,1088,2025-06-30,2025-07-02,BASE,,FINAL_EVENT,Annex 2,13,BENCHMARK_BOND_COMPETITIVE_REFERENCE_AUCTION,2025-07-31,BENCHMARK_GOVERNMENT_BOND,ROP9QVD42HO2,ROP9QVD42HO2,RON,400000000,400.0,2025-08-04,2027-05-31,4,years,1.82,7.2,64.11
mof_order_1088_july_2025,https://mfinante.gov.ro/static/10/Mfp/trezorerie/OMF1088iulie2025.pdf,1088,2025-06-30,2025-07-02,BASE,,FINAL_EVENT,Annex 2,14,BENCHMARK_BOND_COMPETITIVE_REFERENCE_AUCTION,2025-07-31,BENCHMARK_GOVERNMENT_BOND,RO52CQA3C829,RO52CQA3C829,RON,400000000,400.0,2025-08-04,2032-09-29,10,years,7.16,8.25,349.21
mof_order_1452_september_2025,https://mfinante.gov.ro/static/10/Mfp/trezorerie/OMF1452_29082025.pdf,1452,2025-08-29,2025-08-29,BASE,,FINAL_EVENT,Annex 2,1,BENCHMARK_BOND_COMPETITIVE_REFERENCE_AUCTION,2025-09-01,BENCHMARK_GOVERNMENT_BOND,ROOFOYB15203,ROOFOYB15203,RON,500000000,500.0,2025-09-03,2031-07-27,6,years,5.9,7.65,39.82
mof_order_1452_september_2025,https://mfinante.gov.ro/static/10/Mfp/trezorerie/OMF1452_29082025.pdf,1452,2025-08-29,2025-08-29,BASE,,FINAL_EVENT,Annex 2,2,BENCHMARK_BOND_COMPETITIVE_REFERENCE_AUCTION,2025-09-01,BENCHMARK_GOVERNMENT_BOND,RO45DLJ4EE76,RO45DLJ4EE76,RON,400000000,400.0,2025-09-03,2027-04-28,2,years,1.65,7.4,129.75
mof_order_1452_september_2025,https://mfinante.gov.ro/static/10/Mfp/trezorerie/OMF1452_29082025.pdf,1452,2025-08-29,2025-08-29,BASE,,FINAL_EVENT,Annex 1,1,T_BILL_COMPETITIVE_REFERENCE_AUCTION,2025-09-04,DISCOUNT_TREASURY_BILL,ROFGC5HOK854,ROFGC5HOK854,RON,500000000,500.0,2025-09-08,2026-08-31,357,days,,,
mof_order_1452_september_2025,https://mfinante.gov.ro/static/10/Mfp/trezorerie/OMF1452_29082025.pdf,1452,2025-08-29,2025-08-29,BASE,,FINAL_EVENT,Annex 2,3,BENCHMARK_BOND_COMPETITIVE_REFERENCE_AUCTION,2025-09-04,BENCHMARK_GOVERNMENT_BOND,ROTM7EDD92S2,ROTM7EDD92S2,RON,400000000,400.0,2025-09-08,2034-07-31,11,years,8.9,7.1,37.93
mof_order_1452_september_2025,https://mfinante.gov.ro/static/10/Mfp/trezorerie/OMF1452_29082025.pdf,1452,2025-08-29,2025-08-29,BASE,,FINAL_EVENT,Annex 2,4,BENCHMARK_BOND_COMPETITIVE_REFERENCE_AUCTION,2025-09-08,BENCHMARK_GOVERNMENT_BOND,ROYNCLHRHVV6,ROYNCLHRHVV6,RON,500000000,500.0,2025-09-10,2030-07-29,6,years,4.88,6.85,40.35
mof_order_1452_september_2025,https://mfinante.gov.ro/static/10/Mfp/trezorerie/OMF1452_29082025.pdf,1452,2025-08-29,2025-08-29,BASE,,FINAL_EVENT,Annex 2,5,BENCHMARK_BOND_COMPETITIVE_REFERENCE_AUCTION,2025-09-08,BENCHMARK_GOVERNMENT_BOND,ROWLVEJ2A207,ROWLVEJ2A207,RON,400000000,400.0,2025-09-10,2033-10-30,10,years,8.14,7.2,310.68
mof_order_1452_september_2025,https://mfinante.gov.ro/static/10/Mfp/trezorerie/OMF1452_29082025.pdf,1452,2025-08-29,2025-08-29,BASE,,FINAL_EVENT,Annex 2,6,BENCHMARK_BOND_COMPETITIVE_REFERENCE_AUCTION,2025-09-11,BENCHMARK_GOVERNMENT_BOND,RO677ZOKPGQ8,RO677ZOKPGQ8,RON,300000000,300.0,2025-09-15,2040-07-30,15,years,14.88,7.25,46.68
mof_order_1452_september_2025,https://mfinante.gov.ro/static/10/Mfp/trezorerie/OMF1452_29082025.pdf,1452,2025-08-29,2025-08-29,BASE,,FINAL_EVENT,Annex 2,7,BENCHMARK_BOND_COMPETITIVE_REFERENCE_AUCTION,2025-09-11,BENCHMARK_GOVERNMENT_BOND,ROCDG04X8WJ7,ROCDG04X8WJ7,RON,400000000,400.0,2025-09-15,2028-04-26,4,years,2.61,6.3,122.55
mof_order_1452_september_2025,https://mfinante.gov.ro/static/10/Mfp/trezorerie/OMF1452_29082025.pdf,1452,2025-08-29,2025-08-29,BASE,,FINAL_EVENT,Annex 2,8,BENCHMARK_BOND_COMPETITIVE_REFERENCE_AUCTION,2025-09-15,BENCHMARK_GOVERNMENT_BOND,ROPG9LZUB0O2,ROPG9LZUB0O2,RON,400000000,400.0,2025-09-17,2033-07-27,8,years,7.86,7.5,53.42
mof_order_1452_september_2025,https://mfinante.gov.ro/static/10/Mfp/trezorerie/OMF1452_29082025.pdf,1452,2025-08-29,2025-08-29,BASE,,FINAL_EVENT,Annex 2,9,BENCHMARK_BOND_COMPETITIVE_REFERENCE_AUCTION,2025-09-15,BENCHMARK_GOVERNMENT_BOND,ROJVM8ELBDU4,ROJVM8ELBDU4,RON,400000000,400.0,2025-09-17,2029-04-25,5,years,3.61,6.3,125.14
mof_order_1452_september_2025,https://mfinante.gov.ro/static/10/Mfp/trezorerie/OMF1452_29082025.pdf,1452,2025-08-29,2025-08-29,BASE,,FINAL_EVENT,Annex 1,2,T_BILL_COMPETITIVE_REFERENCE_AUCTION,2025-09-18,DISCOUNT_TREASURY_BILL,ROKHY3SK7TL5,ROKHY3SK7TL5,RON,400000000,400.0,2025-09-22,2026-03-30,189,days,,,
mof_order_1452_september_2025,https://mfinante.gov.ro/static/10/Mfp/trezorerie/OMF1452_29082025.pdf,1452,2025-08-29,2025-08-29,BASE,,FINAL_EVENT,Annex 2,10,BENCHMARK_BOND_COMPETITIVE_REFERENCE_AUCTION,2025-09-22,BENCHMARK_GOVERNMENT_BOND,RO1JS63DR5A5,RO1JS63DR5A5,RON,400000000,400.0,2025-09-24,2031-04-28,8,years,5.59,7.35,150.02
mof_order_1452_september_2025,https://mfinante.gov.ro/static/10/Mfp/trezorerie/OMF1452_29082025.pdf,1452,2025-08-29,2025-08-29,BASE,,FINAL_EVENT,Annex 2,11,BENCHMARK_BOND_COMPETITIVE_REFERENCE_AUCTION,2025-09-25,BENCHMARK_GOVERNMENT_BOND,RODFIUK7ZV55,RODFIUK7ZV55,RON,400000000,400.0,2025-09-29,2035-04-25,11,years,9.58,6.75,145.17
mof_order_1452_september_2025,https://mfinante.gov.ro/static/10/Mfp/trezorerie/OMF1452_29082025.pdf,1452,2025-08-29,2025-08-29,BASE,,FINAL_EVENT,Annex 2,12,BENCHMARK_BOND_COMPETITIVE_REFERENCE_AUCTION,2025-09-25,BENCHMARK_GOVERNMENT_BOND,ROZBOC49U096,ROZBOC49U096,RON,400000000,400.0,2025-09-29,2028-10-30,6,years,3.09,8.75,400.34
mof_order_1452_september_2025,https://mfinante.gov.ro/static/10/Mfp/trezorerie/OMF1452_29082025.pdf,1452,2025-08-29,2025-08-29,BASE,,FINAL_EVENT,Annex 2,13,BENCHMARK_BOND_COMPETITIVE_REFERENCE_AUCTION,2025-09-29,BENCHMARK_GOVERNMENT_BOND,RO52CQA3C829,RO52CQA3C829,RON,400000000,400.0,2025-10-01,2032-09-29,10,years,7.0,8.25,2.26
mof_order_1626_october_2025,https://static.anaf.ro/static/10/Anaf/legislatie/OMF_1626_2025.pdf,1626,2025-10-01,2025-10-01,BASE,,FINAL_EVENT,Annex 2,1,BENCHMARK_BOND_COMPETITIVE_REFERENCE_AUCTION,2025-10-02,BENCHMARK_GOVERNMENT_BOND,ROOFOYB15203,ROOFOYB15203,RON,500000000,500.0,2025-10-06,2031-07-27,6,years,5.81,7.65,74.4
mof_order_1626_october_2025,https://static.anaf.ro/static/10/Anaf/legislatie/OMF_1626_2025.pdf,1626,2025-10-01,2025-10-01,BASE,,FINAL_EVENT,Annex 2,2,BENCHMARK_BOND_COMPETITIVE_REFERENCE_AUCTION,2025-10-02,BENCHMARK_GOVERNMENT_BOND,RO45DLJ4EE76,RO45DLJ4EE76,RON,500000000,500.0,2025-10-06,2027-04-28,2,years,1.56,7.4,163.21
mof_order_1626_october_2025,https://static.anaf.ro/static/10/Anaf/legislatie/OMF_1626_2025.pdf,1626,2025-10-01,2025-10-01,BASE,,FINAL_EVENT,Annex 2,3,BENCHMARK_BOND_COMPETITIVE_REFERENCE_AUCTION,2025-10-06,BENCHMARK_GOVERNMENT_BOND,ROTM7EDD92S2,ROTM7EDD92S2,RON,500000000,500.0,2025-10-08,2034-07-31,11,years,8.82,7.1,67.11
mof_order_1626_october_2025,https://static.anaf.ro/static/10/Anaf/legislatie/OMF_1626_2025.pdf,1626,2025-10-01,2025-10-01,BASE,,FINAL_EVENT,Annex 2,4,BENCHMARK_BOND_COMPETITIVE_REFERENCE_AUCTION,2025-10-06,BENCHMARK_GOVERNMENT_BOND,ROCDG04X8WJ7,ROCDG04X8WJ7,RON,500000000,500.0,2025-10-08,2028-04-26,4,years,2.55,6.3,142.4
mof_order_1626_october_2025,https://static.anaf.ro/static/10/Anaf/legislatie/OMF_1626_2025.pdf,1626,2025-10-01,2025-10-01,BASE,,FINAL_EVENT,Annex 1,1,T_BILL_COMPETITIVE_REFERENCE_AUCTION,2025-10-09,DISCOUNT_TREASURY_BILL,ROQN1YAQNW28,ROQN1YAQNW28,RON,400000000,400.0,2025-10-13,2026-09-30,352,days,,,
mof_order_1626_october_2025,https://static.anaf.ro/static/10/Anaf/legislatie/OMF_1626_2025.pdf,1626,2025-10-01,2025-10-01,BASE,,FINAL_EVENT,Annex 2,5,BENCHMARK_BOND_COMPETITIVE_REFERENCE_AUCTION,2025-10-09,BENCHMARK_GOVERNMENT_BOND,RO677ZOKPGQ8,RO677ZOKPGQ8,RON,400000000,400.0,2025-10-13,2040-07-30,15,years,14.81,7.25,74.49
mof_order_1626_october_2025,https://static.anaf.ro/static/10/Anaf/legislatie/OMF_1626_2025.pdf,1626,2025-10-01,2025-10-01,BASE,,FINAL_EVENT,Annex 2,6,BENCHMARK_BOND_COMPETITIVE_REFERENCE_AUCTION,2025-10-13,BENCHMARK_GOVERNMENT_BOND,ROWLVEJ2A207,ROWLVEJ2A207,RON,500000000,500.0,2025-10-15,2033-10-30,10,years,8.05,7.2,345.21
mof_order_1626_october_2025,https://static.anaf.ro/static/10/Anaf/legislatie/OMF_1626_2025.pdf,1626,2025-10-01,2025-10-01,BASE,,FINAL_EVENT,Annex 2,7,BENCHMARK_BOND_COMPETITIVE_REFERENCE_AUCTION,2025-10-13,BENCHMARK_GOVERNMENT_BOND,ROZBOC49U096,ROZBOC49U096,RON,300000000,300.0,2025-10-15,2028-10-30,6,years,3.04,8.75,419.52
mof_order_1626_october_2025,https://static.anaf.ro/static/10/Anaf/legislatie/OMF_1626_2025.pdf,1626,2025-10-01,2025-10-01,BASE,,FINAL_EVENT,Annex 2,8,BENCHMARK_BOND_COMPETITIVE_REFERENCE_AUCTION,2025-10-16,BENCHMARK_GOVERNMENT_BOND,RODFIUK7ZV55,RODFIUK7ZV55,RON,500000000,500.0,2025-10-20,2035-04-25,11,years,9.52,6.75,164.59
mof_order_1626_october_2025,https://static.anaf.ro/static/10/Anaf/legislatie/OMF_1626_2025.pdf,1626,2025-10-01,2025-10-01,BASE,,FINAL_EVENT,Annex 2,9,BENCHMARK_BOND_COMPETITIVE_REFERENCE_AUCTION,2025-10-20,BENCHMARK_GOVERNMENT_BOND,RO1JS63DR5A5,RO1JS63DR5A5,RON,500000000,500.0,2025-10-22,2031-04-28,8,years,5.52,7.35,178.21
mof_order_1626_october_2025,https://static.anaf.ro/static/10/Anaf/legislatie/OMF_1626_2025.pdf,1626,2025-10-01,2025-10-01,BASE,,FINAL_EVENT,Annex 2,10,BENCHMARK_BOND_COMPETITIVE_REFERENCE_AUCTION,2025-10-20,BENCHMARK_GOVERNMENT_BOND,RO0DU3PR9NF9,RO0DU3PR9NF9,RON,300000000,300.0,2025-10-22,2038-02-24,15,years,12.35,7.9,259.73
mof_order_1626_october_2025,https://static.anaf.ro/static/10/Anaf/legislatie/OMF_1626_2025.pdf,1626,2025-10-01,2025-10-01,BASE,,FINAL_EVENT,Annex 2,11,BENCHMARK_BOND_COMPETITIVE_REFERENCE_AUCTION,2025-10-23,BENCHMARK_GOVERNMENT_BOND,RO52CQA3C829,RO52CQA3C829,RON,500000000,500.0,2025-10-27,2032-09-29,10,years,6.93,8.25,31.64
mof_order_1626_october_2025,https://static.anaf.ro/static/10/Anaf/legislatie/OMF_1626_2025.pdf,1626,2025-10-01,2025-10-01,BASE,,FINAL_EVENT,Annex 2,12,BENCHMARK_BOND_COMPETITIVE_REFERENCE_AUCTION,2025-10-27,BENCHMARK_GOVERNMENT_BOND,ROPG9LZUB0O2,ROPG9LZUB0O2,RON,600000000,600.0,2025-10-29,2033-07-27,8,years,7.75,7.5,96.58
mof_order_1626_october_2025,https://static.anaf.ro/static/10/Anaf/legislatie/OMF_1626_2025.pdf,1626,2025-10-01,2025-10-01,BASE,,FINAL_EVENT,Annex 2,13,BENCHMARK_BOND_COMPETITIVE_REFERENCE_AUCTION,2025-10-27,BENCHMARK_GOVERNMENT_BOND,ROJVM8ELBDU4,ROJVM8ELBDU4,RON,500000000,500.0,2025-10-29,2029-04-25,5,years,3.49,6.3,161.38
mof_order_1626_october_2025,https://static.anaf.ro/static/10/Anaf/legislatie/OMF_1626_2025.pdf,1626,2025-10-01,2025-10-01,BASE,,FINAL_EVENT,Annex 2,14,BENCHMARK_BOND_COMPETITIVE_REFERENCE_AUCTION,2025-10-30,BENCHMARK_GOVERNMENT_BOND,ROYNCLHRHVV6,ROYNCLHRHVV6,RON,500000000,500.0,2025-11-03,2030-07-29,6,years,4.74,6.85,91.02
mof_order_1831_november_2025_amendment,https://mfinante.gov.ro/static/10/Mfp/trezorerie/OMF1831_10112025.pdf,1831,2025-11-10,2025-11-11,AMENDMENT,1795/2025,PARTIAL_FINAL_EVENT_SET_BASE_ANNEX1_UNAVAILABLE,Annex 2 replacement,1,BENCHMARK_BOND_COMPETITIVE_REFERENCE_AUCTION,2025-11-03,BENCHMARK_GOVERNMENT_BOND,ROOFOYB15203,ROOFOYB15203,RON,500000000,500.0,2025-11-05,2031-07-27,6,years,5.73,7.65,105.84
mof_order_1831_november_2025_amendment,https://mfinante.gov.ro/static/10/Mfp/trezorerie/OMF1831_10112025.pdf,1831,2025-11-10,2025-11-11,AMENDMENT,1795/2025,PARTIAL_FINAL_EVENT_SET_BASE_ANNEX1_UNAVAILABLE,Annex 2 replacement,2,BENCHMARK_BOND_COMPETITIVE_REFERENCE_AUCTION,2025-11-03,BENCHMARK_GOVERNMENT_BOND,RO45DLJ4EE76,RO45DLJ4EE76,RON,500000000,500.0,2025-11-05,2027-04-28,2,years,1.48,7.4,193.62
mof_order_1831_november_2025_amendment,https://mfinante.gov.ro/static/10/Mfp/trezorerie/OMF1831_10112025.pdf,1831,2025-11-10,2025-11-11,AMENDMENT,1795/2025,PARTIAL_FINAL_EVENT_SET_BASE_ANNEX1_UNAVAILABLE,Annex 2 replacement,3,BENCHMARK_BOND_COMPETITIVE_REFERENCE_AUCTION,2025-11-06,BENCHMARK_GOVERNMENT_BOND,ROTM7EDD92S2,ROTM7EDD92S2,RON,500000000,500.0,2025-11-10,2034-07-31,11,years,8.73,7.1,99.21
mof_order_1831_november_2025_amendment,https://mfinante.gov.ro/static/10/Mfp/trezorerie/OMF1831_10112025.pdf,1831,2025-11-10,2025-11-11,AMENDMENT,1795/2025,PARTIAL_FINAL_EVENT_SET_BASE_ANNEX1_UNAVAILABLE,Annex 2 replacement,4,BENCHMARK_BOND_COMPETITIVE_REFERENCE_AUCTION,2025-11-06,BENCHMARK_GOVERNMENT_BOND,ROCDG04X8WJ7,ROCDG04X8WJ7,RON,500000000,500.0,2025-11-10,2028-04-26,4,years,2.46,6.3,170.88
mof_order_1831_november_2025_amendment,https://mfinante.gov.ro/static/10/Mfp/trezorerie/OMF1831_10112025.pdf,1831,2025-11-10,2025-11-11,AMENDMENT,1795/2025,PARTIAL_FINAL_EVENT_SET_BASE_ANNEX1_UNAVAILABLE,Annex 2 replacement,5,BENCHMARK_BOND_COMPETITIVE_REFERENCE_AUCTION,2025-11-10,BENCHMARK_GOVERNMENT_BOND,ROWLVEJ2A207,ROWLVEJ2A207,RON,500000000,500.0,2025-11-12,2033-10-30,10,years,7.97,7.2,12.82
mof_order_1831_november_2025_amendment,https://mfinante.gov.ro/static/10/Mfp/trezorerie/OMF1831_10112025.pdf,1831,2025-11-10,2025-11-11,AMENDMENT,1795/2025,PARTIAL_FINAL_EVENT_SET_BASE_ANNEX1_UNAVAILABLE,Annex 2 replacement,6,BENCHMARK_BOND_COMPETITIVE_REFERENCE_AUCTION,2025-11-10,BENCHMARK_GOVERNMENT_BOND,ROJVM8ELBDU4,ROJVM8ELBDU4,RON,500000000,500.0,2025-11-12,2029-04-25,5,years,3.45,6.3,173.47
mof_order_1831_november_2025_amendment,https://mfinante.gov.ro/static/10/Mfp/trezorerie/OMF1831_10112025.pdf,1831,2025-11-10,2025-11-11,AMENDMENT,1795/2025,PARTIAL_FINAL_EVENT_SET_BASE_ANNEX1_UNAVAILABLE,Annex 2 replacement,7,BENCHMARK_BOND_COMPETITIVE_REFERENCE_AUCTION,2025-11-13,BENCHMARK_GOVERNMENT_BOND,ROO7A2H5YIN8,ROO7A2H5YIN8,RON,500000000,500.0,2025-11-17,2032-02-25,10,years,6.28,6.7,243.22
mof_order_1831_november_2025_amendment,https://mfinante.gov.ro/static/10/Mfp/trezorerie/OMF1831_10112025.pdf,1831,2025-11-10,2025-11-11,AMENDMENT,1795/2025,PARTIAL_FINAL_EVENT_SET_BASE_ANNEX1_UNAVAILABLE,Annex 2 replacement,8,BENCHMARK_BOND_COMPETITIVE_REFERENCE_AUCTION,2025-11-17,BENCHMARK_GOVERNMENT_BOND,RO677ZOKPGQ8,RO677ZOKPGQ8,RON,500000000,500.0,2025-11-19,2040-07-30,15,years,14.7,7.25,111.23
mof_order_1831_november_2025_amendment,https://mfinante.gov.ro/static/10/Mfp/trezorerie/OMF1831_10112025.pdf,1831,2025-11-10,2025-11-11,AMENDMENT,1795/2025,PARTIAL_FINAL_EVENT_SET_BASE_ANNEX1_UNAVAILABLE,Annex 2 replacement,9,BENCHMARK_BOND_COMPETITIVE_REFERENCE_AUCTION,2025-11-20,BENCHMARK_GOVERNMENT_BOND,ROYNCLHRHVV6,ROYNCLHRHVV6,RON,500000000,500.0,2025-11-24,2030-07-29,6,years,4.68,6.85,110.73
mof_order_1831_november_2025_amendment,https://mfinante.gov.ro/static/10/Mfp/trezorerie/OMF1831_10112025.pdf,1831,2025-11-10,2025-11-11,AMENDMENT,1795/2025,PARTIAL_FINAL_EVENT_SET_BASE_ANNEX1_UNAVAILABLE,Annex 2 replacement,10,BENCHMARK_BOND_COMPETITIVE_REFERENCE_AUCTION,2025-11-24,BENCHMARK_GOVERNMENT_BOND,RO0DU3PR9NF9,RO0DU3PR9NF9,RON,300000000,300.0,2025-11-26,2038-02-24,15,years,12.25,7.9,297.6
mof_order_1831_november_2025_amendment,https://mfinante.gov.ro/static/10/Mfp/trezorerie/OMF1831_10112025.pdf,1831,2025-11-10,2025-11-11,AMENDMENT,1795/2025,PARTIAL_FINAL_EVENT_SET_BASE_ANNEX1_UNAVAILABLE,Annex 2 replacement,11,BENCHMARK_BOND_COMPETITIVE_REFERENCE_AUCTION,2025-11-26,BENCHMARK_GOVERNMENT_BOND,ROPG9LZUB0O2,ROPG9LZUB0O2,RON,500000000,500.0,2025-11-28,2033-07-27,8,years,7.67,7.5,127.4
