measure,time_period,rmd_sector,assets_million_ron,liabilities_million_ron,net_million_ron
flow,2014-Q1,H,4670.9,-148.8,4819.7
flow,2014-Q1,C,-1665.9,-1477.2,-188.7
flow,2014-Q1,F,-9176.8,-9579.4,402.6
flow,2014-Q1,G,14351.7,17334.2,-2982.5
flow,2014-Q1,BNR,-3255.1,-3434.9,179.8
flow,2014-Q1,X,-3986.7,-1755.8,-2230.9
flow,2014-Q2,H,2187.2,-157.1,2344.3
flow,2014-Q2,C,-2047.4,-3604.0,1556.6
flow,2014-Q2,F,3562.0,5673.0,-2111.0
flow,2014-Q2,G,5035.4,5862.4,-827.0
flow,2014-Q2,BNR,-3633.3,-3375.1,-258.2
flow,2014-Q2,X,-2724.0,-2019.3,-704.7
flow,2014-Q3,H,-1435.0,-490.9,-944.1
flow,2014-Q3,C,585.1,-5542.7,6127.8
flow,2014-Q3,F,-6022.9,-1418.1,-4604.8
flow,2014-Q3,G,836.9,-2866.2,3703.1
flow,2014-Q3,BNR,-2916.9,-959.4,-1957.5
flow,2014-Q3,X,-6476.6,-4152.2,-2324.4
flow,2014-Q4,H,29380.4,5663.4,23717.0
flow,2014-Q4,C,47249.3,54821.8,-7572.5
flow,2014-Q4,F,8625.2,11073.8,-2448.6
flow,2014-Q4,G,-6119.7,1835.8,-7955.5
flow,2014-Q4,BNR,4221.3,1320.6,2900.7
flow,2014-Q4,X,-2139.1,6501.8,-8640.9
flow,2015-Q1,H,-9576.4,2232.6,-11809.0
flow,2015-Q1,C,-6203.2,-14275.0,8071.8
flow,2015-Q1,F,497.1,-2318.7,2815.8
flow,2015-Q1,G,6406.8,4574.7,1832.1
flow,2015-Q1,BNR,-8753.1,-8897.1,144.0
flow,2015-Q1,X,-6525.8,-5471.0,-1054.8
flow,2015-Q2,H,3697.0,2104.1,1592.9
flow,2015-Q2,C,2806.4,2124.0,682.4
flow,2015-Q2,F,3400.5,6480.1,-3079.6
flow,2015-Q2,G,-3710.2,-5135.3,1425.1
flow,2015-Q2,BNR,-1249.2,-2165.4,916.2
flow,2015-Q2,X,-4759.2,-3222.3,-1536.9
flow,2015-Q3,H,17003.8,-404.8,17408.6
flow,2015-Q3,C,1845.4,17414.4,-15569.0
flow,2015-Q3,F,-1024.0,-867.9,-156.1
flow,2015-Q3,G,6630.6,5296.1,1334.5
flow,2015-Q3,BNR,-3071.9,-3840.0,768.1
flow,2015-Q3,X,-1464.5,2321.5,-3786.0
flow,2015-Q4,H,-11799.5,2926.7,-14726.2
flow,2015-Q4,C,29976.0,-6572.3,36548.3
flow,2015-Q4,F,14119.5,18714.7,-4595.2
flow,2015-Q4,G,-3352.8,4820.5,-8173.3
flow,2015-Q4,BNR,11958.4,12237.2,-278.8
flow,2015-Q4,X,5975.5,14750.2,-8774.7
flow,2016-Q1,H,5696.3,6.7,5689.6
flow,2016-Q1,C,-8419.4,2151.8,-10571.2
flow,2016-Q1,F,-986.0,-4256.1,3270.1
flow,2016-Q1,G,7764.0,11510.4,-3746.4
flow,2016-Q1,BNR,-2210.7,-2909.2,698.5
flow,2016-Q1,X,9890.7,5231.8,4658.9
flow,2016-Q2,H,9287.1,3087.8,6199.3
flow,2016-Q2,C,5407.5,5607.4,-199.9
flow,2016-Q2,F,10437.6,15245.5,-4807.9
flow,2016-Q2,G,-1533.0,1204.4,-2737.4
flow,2016-Q2,BNR,-3160.3,1150.0,-4310.3
flow,2016-Q2,X,4561.7,-1294.9,5856.6
flow,2016-Q3,H,-6390.6,254.9,-6645.5
flow,2016-Q3,C,3846.4,-8076.2,11922.6
flow,2016-Q3,F,-24.2,5178.1,-5202.3
flow,2016-Q3,G,8454.1,8459.2,-5.1
flow,2016-Q3,BNR,7965.2,9232,-1266.8
flow,2016-Q3,X,10462.2,9265.1,1197.1
flow,2016-Q4,H,65890.5,10494.8,55395.7
flow,2016-Q4,C,43891.8,78458.9,-34567.1
flow,2016-Q4,F,13489.2,16578.6,-3089.4
flow,2016-Q4,G,4076.3,16952.7,-12876.4
flow,2016-Q4,BNR,6630.4,6999.7,-369.3
flow,2016-Q4,X,2467.3,6960.4,-4493.1
flow,2017-Q1,H,6909.5,2596.5,4313.0
flow,2017-Q1,C,-1743.5,6468.2,-8211.7
flow,2017-Q1,F,2683.5,743.1,1940.4
flow,2017-Q1,G,9125.8,13410.2,-4284.4
flow,2017-Q1,BNR,-363.3,-832.3,469.0
flow,2017-Q1,X,10423.1,4649.4,5773.7
flow,2017-Q2,H,8467.3,3022.3,5445.0
flow,2017-Q2,C,2513.5,8449.3,-5935.8
flow,2017-Q2,F,8655.1,11869.9,-3214.8
flow,2017-Q2,G,5985.0,11151.0,-5166.0
flow,2017-Q2,BNR,5205.8,4795.4,410.4
flow,2017-Q2,X,16345.1,7883.6,8461.5
flow,2017-Q3,H,7479.0,3652.5,3826.5
flow,2017-Q3,C,2588.9,6535.2,-3946.3
flow,2017-Q3,F,8838.6,11846.8,-3008.2
flow,2017-Q3,G,-2748.8,-1580.6,-1168.2
flow,2017-Q3,BNR,-4815.7,-5216.5,400.8
flow,2017-Q3,X,406.1,-3489.3,3895.4
flow,2017-Q4,H,-48730.6,5529.8,-54260.4
flow,2017-Q4,C,46644.3,-27447.0,74091.3
flow,2017-Q4,F,17540.3,21780.6,-4240.3
flow,2017-Q4,G,-14045.2,-3024.7,-11020.5
flow,2017-Q4,BNR,8407.8,8109.7,298.1
flow,2017-Q4,X,3324.5,8192.7,-4868.2
flow,2018-Q1,H,8569.3,2988.5,5580.8
flow,2018-Q1,C,2430.3,11806.6,-9376.3
flow,2018-Q1,F,3976.8,1624.2,2352.6
flow,2018-Q1,G,7628.8,16327.7,-8698.9
flow,2018-Q1,BNR,696.3,428.6,267.7
flow,2018-Q1,X,26491.7,16617.4,9874.3
flow,2018-Q2,H,9538.6,3498.8,6039.8
flow,2018-Q2,C,6087.6,14068.3,-7980.7
flow,2018-Q2,F,3138.6,6091.2,-2952.6
flow,2018-Q2,G,-2203.8,1945.5,-4149.3
flow,2018-Q2,BNR,-17661.4,-17602.0,-59.4
flow,2018-Q2,X,-4135.8,-13237.9,9102.1
flow,2018-Q3,H,9020.0,3951.3,5068.7
flow,2018-Q3,C,1441.1,9178.9,-7737.8
flow,2018-Q3,F,13232.7,14382.9,-1150.2
flow,2018-Q3,G,1634.6,7561.9,-5927.3
flow,2018-Q3,BNR,7017.7,5944.8,1072.9
flow,2018-Q3,X,11704.7,3030.7,8674.0
flow,2018-Q4,H,-66499.4,5404.0,-71903.4
flow,2018-Q4,C,97047.5,10640.7,86406.8
flow,2018-Q4,F,9699.6,12201.3,-2501.7
flow,2018-Q4,G,582.3,9842.4,-9260.1
flow,2018-Q4,BNR,906.8,1704.7,-797.9
flow,2018-Q4,X,3499.6,5442.8,-1943.2
flow,2019-Q1,H,8714.1,1027.8,7686.3
flow,2019-Q1,C,2400.9,4285.8,-1884.9
flow,2019-Q1,F,-2988.9,-3523.6,534.7
flow,2019-Q1,G,-761.5,8684.0,-9445.5
flow,2019-Q1,BNR,-6573.3,-6853.7,280.4
flow,2019-Q1,X,5405.1,2576.1,2829.0
flow,2019-Q2,H,8681.5,3631.8,5049.7
flow,2019-Q2,C,3935.8,11927.0,-7991.2
flow,2019-Q2,F,13820.7,15508.0,-1687.3
flow,2019-Q2,G,-520.1,7781.3,-8301.4
flow,2019-Q2,BNR,1791.1,1528.9,262.2
flow,2019-Q2,X,15962.9,3294.7,12668.2
flow,2019-Q3,H,4328.4,4027.2,301.2
flow,2019-Q3,C,6923.6,2326.5,4597.1
flow,2019-Q3,F,16727.2,18495.2,-1768.0
flow,2019-Q3,G,9771.0,19144.1,-9373.1
flow,2019-Q3,BNR,12011.6,11889.0,122.6
flow,2019-Q3,X,14601.4,8481.3,6120.1
flow,2019-Q4,H,40672.1,15417.3,25254.8
flow,2019-Q4,C,55292.4,57211.0,-1918.6
flow,2019-Q4,F,28094.3,30421.0,-2326.7
flow,2019-Q4,G,-16882.4,2260.7,-19143.1
flow,2019-Q4,BNR,-12063.5,-12218.0,154.5
flow,2019-Q4,X,1604.6,3625.9,-2021.3
flow,2020-Q1,H,11157.4,1071.7,10085.7
flow,2020-Q1,C,-2981.8,1338.9,-4320.7
flow,2020-Q1,F,22656.0,20412.4,2243.6
flow,2020-Q1,G,22813.1,37515.4,-14702.3
flow,2020-Q1,BNR,16599.6,16267.6,332.0
flow,2020-Q1,X,18450.2,12088.8,6361.4
flow,2020-Q2,H,16237.2,507.5,15729.7
flow,2020-Q2,C,-2056.3,-127.6,-1928.7
flow,2020-Q2,F,1637.2,2788.3,-1151.1
flow,2020-Q2,G,11121.3,35038.5,-23917.2
flow,2020-Q2,BNR,686.3,330.9,355.4
flow,2020-Q2,X,14887.0,3975.1,10911.9
flow,2020-Q3,H,12484.3,3437.1,9047.2
flow,2020-Q3,C,23943.5,19735.3,4208.2
flow,2020-Q3,F,14351.4,15096.6,-745.2
flow,2020-Q3,G,-1772.4,17967.7,-19740.1
flow,2020-Q3,BNR,-4101.7,-4849.9,748.2
flow,2020-Q3,X,23889.3,17407.4,6481.9
flow,2020-Q4,H,31244.1,6814.5,24429.6
flow,2020-Q4,C,44147.4,38583.1,5564.3
flow,2020-Q4,F,30158.1,31697.8,-1539.7
flow,2020-Q4,G,14301.5,53143.5,-38842.0
flow,2020-Q4,BNR,23223.4,22813.0,410.4
flow,2020-Q4,X,33925.2,23947.4,9977.8
flow,2021-Q1,H,13154.9,2308.2,10846.7
flow,2021-Q1,C,2885.6,12074.4,-9188.8
flow,2021-Q1,F,15388.4,15058.6,329.8
flow,2021-Q1,G,-4383.6,15818.3,-20201.9
flow,2021-Q1,BNR,-13109.1,-13535.5,426.4
flow,2021-Q1,X,10545.2,-7242.6,17787.8
flow,2021-Q2,H,10846.3,4918.5,5927.8
flow,2021-Q2,C,-1319.5,6502.5,-7822.0
flow,2021-Q2,F,20424.3,22121.8,-1697.5
flow,2021-Q2,G,-274.1,17355.1,-17629.2
flow,2021-Q2,BNR,5819.1,5595.2,223.9
flow,2021-Q2,X,22060.5,1063.5,20997.0
flow,2021-Q3,H,10226.0,5901.6,4324.4
flow,2021-Q3,C,15394.0,20072.1,-4678.1
flow,2021-Q3,F,22431.9,22342.0,89.9
flow,2021-Q3,G,21387.0,34315.8,-12928.8
flow,2021-Q3,BNR,11912.2,11724.1,188.1
flow,2021-Q3,X,34072.3,21067.8,13004.5
flow,2021-Q4,H,30576.6,6382.8,24193.8
flow,2021-Q4,C,108124.3,118344.9,-10220.6
flow,2021-Q4,F,51988.0,54632.0,-2644.0
flow,2021-Q4,G,-14371.8,20252.0,-34623.8
flow,2021-Q4,BNR,2277.1,2097.3,179.8
flow,2021-Q4,X,16355.4,-6759.0,23114.4
flow,2022-Q1,H,5948.1,4713.4,1234.7
flow,2022-Q1,C,23088.5,36533.5,-13445.0
flow,2022-Q1,F,11762.9,3930.4,7832.5
flow,2022-Q1,G,8108.1,35289.3,-27181.2
flow,2022-Q1,BNR,-1623.0,-1848.6,225.6
flow,2022-Q1,X,47418.2,16084.5,31333.7
flow,2022-Q2,H,12755.3,6507.0,6248.3
flow,2022-Q2,C,17015.8,39128.9,-22113.1
flow,2022-Q2,F,28790.2,32802.6,-4012.4
flow,2022-Q2,G,26762.8,34282.3,-7519.5
flow,2022-Q2,BNR,18807.2,18564,243.2
flow,2022-Q2,X,32807.7,5654.0,27153.7
flow,2022-Q3,H,16417.2,3423.0,12994.2
flow,2022-Q3,C,37273.1,44228.5,-6955.4
flow,2022-Q3,F,22186.9,19841.1,2345.8
flow,2022-Q3,G,4091.9,25637.7,-21545.8
flow,2022-Q3,BNR,-333.5,-109.9,-223.6
flow,2022-Q3,X,39938.5,26553.6,13384.9
flow,2022-Q4,H,38305.5,6048.6,32256.9
flow,2022-Q4,C,109619.1,133974.9,-24355.8
flow,2022-Q4,F,32010.6,31289.9,720.7
flow,2022-Q4,G,-2634.8,29709.1,-32343.9
flow,2022-Q4,BNR,7217.0,7094.2,122.8
flow,2022-Q4,X,21604.0,-1995.3,23599.3
flow,2023-Q1,H,19413.5,852.5,18561.0
flow,2023-Q1,C,29844.7,36676.8,-6832.1
flow,2023-Q1,F,18309.7,15706.9,2602.8
flow,2023-Q1,G,28252.4,57976.1,-29723.7
flow,2023-Q1,BNR,36635.4,36637.1,-1.7
flow,2023-Q1,X,51884.2,36490.4,15393.8
flow,2023-Q2,H,25095.5,3301.7,21793.8
flow,2023-Q2,C,8034.9,23362.1,-15327.2
flow,2023-Q2,F,35964.8,30215.1,5749.7
flow,2023-Q2,G,6304.8,26518.8,-20214.0
flow,2023-Q2,BNR,-1531.6,-1196.3,-335.3
flow,2023-Q2,X,20157.6,11824.4,8333.2
flow,2023-Q3,H,16684.8,3968.2,12716.6
flow,2023-Q3,C,21905.1,26727.4,-4822.3
flow,2023-Q3,F,20319.8,17915.3,2404.5
flow,2023-Q3,G,30812.3,54504.0,-23691.7
flow,2023-Q3,BNR,24987.6,25392.7,-405.1
flow,2023-Q3,X,50957.1,37159.0,13798.1
flow,2023-Q4,H,24787.3,7840.9,16946.4
flow,2023-Q4,C,48813.4,38430.7,10382.7
flow,2023-Q4,F,50637.9,53080.9,-2443.0
flow,2023-Q4,G,519.5,32045.5,-31526.0
flow,2023-Q4,BNR,3452.7,5332.1,-1879.4
flow,2023-Q4,X,23219.3,14700.2,8519.1
flow,2024-Q1,H,35263.3,4716.4,30546.9
flow,2024-Q1,C,28903.9,47177.9,-18274.0
flow,2024-Q1,F,30592.5,24773.0,5819.5
flow,2024-Q1,G,34761.9,74127.2,-39365.3
flow,2024-Q1,BNR,19617.6,19872.2,-254.6
flow,2024-Q1,X,58599.7,37072.0,21527.7
flow,2024-Q2,H,32407.8,7878.9,24528.9
flow,2024-Q2,C,24754.4,56732.2,-31977.8
flow,2024-Q2,F,30175.9,25092.6,5083.3
flow,2024-Q2,G,503.3,22204.3,-21701.0
flow,2024-Q2,BNR,331.0,323.2,7.8
flow,2024-Q2,X,25266.1,1207.2,24058.9
flow,2024-Q3,H,35704.8,8631.6,27073.2
flow,2024-Q3,C,39314.6,45545.2,-6230.6
flow,2024-Q3,F,21341.6,30011.4,-8669.8
flow,2024-Q3,G,17059.3,58904.8,-41845.5
flow,2024-Q3,BNR,6585.9,6193.3,392.6
flow,2024-Q3,X,35165.3,5885.1,29280.2
flow,2024-Q4,H,38695.0,13774.6,24920.4
flow,2024-Q4,C,35191.3,10418.7,24772.6
flow,2024-Q4,F,53127.2,55342.3,-2215.1
flow,2024-Q4,G,-13551.8,47037.8,-60589.6
flow,2024-Q4,BNR,-24940.9,-21978.5,-2962.4
flow,2024-Q4,X,6405.1,-9669.1,16074.2
flow,2025-Q1,H,27826.6,4704.4,23122.2
flow,2025-Q1,C,5031.5,23787.3,-18755.8
flow,2025-Q1,F,14561.2,6347.7,8213.5
flow,2025-Q1,G,5070.6,47646.1,-42575.5
flow,2025-Q1,BNR,748.8,528.8,220.0
flow,2025-Q1,X,34685.7,4910.1,29775.6
flow,2025-Q2,H,26931.3,8603.4,18327.9
flow,2025-Q2,C,-5066.1,21478.0,-26544.1
flow,2025-Q2,F,22704.6,17044.6,5660.0
flow,2025-Q2,G,22336.3,45636.9,-23300.6
flow,2025-Q2,BNR,-7538.2,-8368.9,830.7
flow,2025-Q2,X,31584.5,6558.4,25026.1
flow,2025-Q3,H,21944.6,7999.8,13944.8
flow,2025-Q3,C,12605.9,28589.3,-15983.4
flow,2025-Q3,F,25671.8,27934.6,-2262.8
flow,2025-Q3,G,29850.1,57956.0,-28105.9
flow,2025-Q3,BNR,33186.0,33059.2,126.8
flow,2025-Q3,X,54053.4,21772.7,32280.7
flow,2025-Q4,H,35637.4,2528.0,33109.4
flow,2025-Q4,C,27588.6,18453.7,9134.9
flow,2025-Q4,F,68653.6,64087.4,4566.2
flow,2025-Q4,G,-16388.3,39290.2,-55678.5
flow,2025-Q4,BNR,-3033.0,-1428.2,-1604.8
flow,2025-Q4,X,37047.3,26574.6,10472.7
flow,2026-Q1,H,25404.3,3901.7,21502.6
flow,2026-Q1,C,1181.9,30150.8,-28968.9
flow,2026-Q1,F,26766.9,18311.0,8455.9
flow,2026-Q1,G,21266.1,42875.8,-21609.7
flow,2026-Q1,BNR,7864.3,7017.5,846.8
flow,2026-Q1,X,28187.8,8414.7,19773.1
stock,2014-Q1,H,457303.4,165552.2,291751.2
stock,2014-Q1,C,604927.7,1185943.6,-581015.9
stock,2014-Q1,F,501664.4,464407.3,37257.1
stock,2014-Q1,G,228690.3,365887.4,-137197.1
stock,2014-Q1,BNR,135469.9,154251.1,-18781.2
stock,2014-Q1,X,642788.0,234802.2,407985.8
stock,2014-Q2,H,457910.7,163699.8,294210.9
stock,2014-Q2,C,603626.3,1183564.7,-579938.4
stock,2014-Q2,F,503330.8,468021.5,35309.3
stock,2014-Q2,G,232980.8,373195.2,-140214.4
stock,2014-Q2,BNR,126561.3,148727.7,-22166.4
stock,2014-Q2,X,641310.0,228510.9,412799.1
stock,2014-Q3,H,457889.6,163402.8,294486.8
stock,2014-Q3,C,608003.0,1182280.6,-574277.6
stock,2014-Q3,F,499162.8,469306.1,29856.7
stock,2014-Q3,G,237407.6,372505.5,-135097.9
stock,2014-Q3,BNR,139397.4,150788.4,-11391.0
stock,2014-Q3,X,641016.8,244594.4,396422.4
stock,2014-Q4,H,493495.0,161483.9,332011.1
stock,2014-Q4,C,631478.5,1227133.2,-595654.7
stock,2014-Q4,F,512509.2,485055.9,27453.3
stock,2014-Q4,G,236718.2,379362.2,-142644.0
stock,2014-Q4,BNR,145115.7,154712.8,-9597.1
stock,2014-Q4,X,647401.2,258970.2,388431.0
stock,2015-Q1,H,492429.0,162959.3,329469.7
stock,2015-Q1,C,627201.2,1226750.2,-599549.0
stock,2015-Q1,F,512390.4,480242.4,32148.0
stock,2015-Q1,G,247480.7,385382.0,-137901.3
stock,2015-Q1,BNR,137983.2,150214.3,-12231.1
stock,2015-Q1,X,646370.8,258307.1,388063.7
stock,2015-Q2,H,498265.0,163496.1,334768.9
stock,2015-Q2,C,624817.8,1233975.2,-609157.4
stock,2015-Q2,F,518182.9,486396.0,31786.9
stock,2015-Q2,G,242440.6,376595.5,-134154.9
stock,2015-Q2,BNR,136875.6,157143.8,-20268.2
stock,2015-Q2,X,649712.8,252688.0,397024.8
stock,2015-Q3,H,504194.5,161909.4,342285.1
stock,2015-Q3,C,626360.2,1228462.4,-602102.2
stock,2015-Q3,F,514924.0,483020.5,31903.5
stock,2015-Q3,G,244346.4,382080.0,-137733.6
stock,2015-Q3,BNR,130650.4,148541.6,-17891.2
stock,2015-Q3,X,635855.4,252317.3,383538.1
stock,2015-Q4,H,517051.9,151309.6,365742.3
stock,2015-Q4,C,598863.3,1235634.8,-636771.5
stock,2015-Q4,F,536428.5,508296.8,28131.7
stock,2015-Q4,G,244361.4,390191.4,-145830.0
stock,2015-Q4,BNR,146595.2,157417.0,-10821.8
stock,2015-Q4,X,659114.3,259564.7,399549.6
stock,2016-Q1,H,521264.8,151433.8,369831.0
stock,2016-Q1,C,586472.6,1220926.7,-634454.1
stock,2016-Q1,F,531593.9,500709.1,30884.8
stock,2016-Q1,G,250782.4,403931.7,-153149.3
stock,2016-Q1,BNR,141422.5,154078.9,-12656.4
stock,2016-Q1,X,655729.7,256185.3,399544.4
stock,2016-Q2,H,529092.8,154168.5,374924.3
stock,2016-Q2,C,589524.5,1227678.3,-638153.8
stock,2016-Q2,F,541679.6,512892.6,28787.0
stock,2016-Q2,G,251682.7,405530.4,-153847.7
stock,2016-Q2,BNR,139838.8,158185.1,-18346.3
stock,2016-Q2,X,663217.8,256581.5,406636.3
stock,2016-Q3,H,530189.3,153150.7,377038.6
stock,2016-Q3,C,610658.7,1247701.9,-637043.2
stock,2016-Q3,F,546028.7,520439.7,25589.0
stock,2016-Q3,G,256572.5,418123.0,-161550.5
stock,2016-Q3,BNR,145096.6,165116.7,-20020.1
stock,2016-Q3,X,680615.5,264629.5,415986.0
stock,2016-Q4,H,556887.0,174204.1,382682.9
stock,2016-Q4,C,662466.4,1296080.8,-633614.4
stock,2016-Q4,F,561195.1,536736.4,24458.7
stock,2016-Q4,G,263460.7,426886.8,-163426.1
stock,2016-Q4,BNR,155186.4,173611.8,-18425.4
stock,2016-Q4,X,689030.0,280705.6,408324.4
stock,2017-Q1,H,570527.9,176829.5,393698.4
stock,2017-Q1,C,678811.0,1330914.5,-652103.5
stock,2017-Q1,F,566205.4,544596.8,21608.6
stock,2017-Q1,G,276803.2,442533.7,-165730.5
stock,2017-Q1,BNR,155009.6,174212.5,-19202.9
stock,2017-Q1,X,701631.6,279901.9,421729.7
stock,2017-Q2,H,578083.6,178386.3,399697.3
stock,2017-Q2,C,683873.9,1336529.5,-652655.6
stock,2017-Q2,F,573235.7,554672.1,18563.6
stock,2017-Q2,G,278670.9,457008.0,-178337.1
stock,2017-Q2,BNR,158009.9,176066.6,-18056.7
stock,2017-Q2,X,716805.7,286017.2,430788.5
stock,2017-Q3,H,586879.0,182707.6,404171.4
stock,2017-Q3,C,686512.9,1345999.6,-659486.7
stock,2017-Q3,F,584104.0,565256.4,18847.6
stock,2017-Q3,G,277181.6,456167.8,-178986.2
stock,2017-Q3,BNR,153496.5,171736.2,-18239.7
stock,2017-Q3,X,717266.6,283572.9,433693.7
stock,2017-Q4,H,587866.6,168256.4,419610.2
stock,2017-Q4,C,751808.8,1432744.1,-680935.3
stock,2017-Q4,F,604785.1,589435.1,15350.0
stock,2017-Q4,G,274394.8,452873.2,-178478.4
stock,2017-Q4,BNR,162610.4,181309.4,-18699.0
stock,2017-Q4,X,739156.4,296004.1,443152.3
stock,2018-Q1,H,592497.5,171263.7,421233.8
stock,2018-Q1,C,757021.0,1441928.4,-684907.4
stock,2018-Q1,F,612460.1,593927.0,18533.1
stock,2018-Q1,G,283718.7,465428.0,-181709.3
stock,2018-Q1,BNR,162261.6,180692.6,-18431.0
stock,2018-Q1,X,758204.0,312922.8,445281.2
stock,2018-Q2,H,599133.8,173539.5,425594.3
stock,2018-Q2,C,766588.2,1462207.7,-695619.5
stock,2018-Q2,F,614605.1,595791.0,18814.1
stock,2018-Q2,G,283021.4,462003.8,-178982.4
stock,2018-Q2,BNR,146686.2,165534.4,-18848.2
stock,2018-Q2,X,753469.7,304428.5,449041.2
stock,2018-Q3,H,609898.4,178342.5,431555.9
stock,2018-Q3,C,770992.7,1475007.3,-704014.6
stock,2018-Q3,F,629739.3,611237.7,18501.6
stock,2018-Q3,G,281979.4,470554.5,-188575.1
stock,2018-Q3,BNR,153840.0,170937.8,-17097.8
stock,2018-Q3,X,767870.5,308240.4,459630.1
stock,2018-Q4,H,569375.6,184977.4,384398.2
stock,2018-Q4,C,882817.8,1533457.8,-650640.0
stock,2018-Q4,F,642133.7,622520.0,19613.7
stock,2018-Q4,G,293867.9,481732.2,-187864.3
stock,2018-Q4,BNR,155399.4,174408.8,-19009.4
stock,2018-Q4,X,774259.3,320757.6,453501.7
stock,2019-Q1,H,579566.9,187832.4,391734.5
stock,2019-Q1,C,880447.2,1545670.6,-665223.4
stock,2019-Q1,F,648193.8,626199.3,21994.5
stock,2019-Q1,G,307324.8,502015.5,-194690.7
stock,2019-Q1,BNR,153109.4,173200.4,-20091.0
stock,2019-Q1,X,794744.4,328468.5,466275.9
stock,2019-Q2,H,591631.0,191376.9,400254.1
stock,2019-Q2,C,895444.9,1566391.6,-670946.7
stock,2019-Q2,F,664178.0,644680.7,19497.3
stock,2019-Q2,G,307526.3,517623.9,-210097.6
stock,2019-Q2,BNR,153345.6,174361.2,-21015.6
stock,2019-Q2,X,820957.1,338648.7,482308.4
stock,2019-Q3,H,598620.2,195748.4,402871.8
stock,2019-Q3,C,906265.4,1579573.8,-673308.4
stock,2019-Q3,F,684272.2,665356.0,18916.2
stock,2019-Q3,G,325118.8,542225.6,-217106.8
stock,2019-Q3,BNR,167213.4,190330.4,-23117.0
stock,2019-Q3,X,843068.7,351324.3,491744.4
stock,2019-Q4,H,757955.2,219098.3,538856.9
stock,2019-Q4,C,804554.2,1599531.2,-794977.0
stock,2019-Q4,F,718266.0,701022.9,17243.1
stock,2019-Q4,G,305821.1,538710.3,-232889.2
stock,2019-Q4,BNR,154846.8,178072.5,-23225.7
stock,2019-Q4,X,854397.8,359405.6,494992.2
stock,2020-Q1,H,772371.6,220765.2,551606.4
stock,2020-Q1,C,797679.7,1586264.3,-788584.6
stock,2020-Q1,F,732054.4,706477.2,25577.2
stock,2020-Q1,G,328512.6,564844.1,-236331.5
stock,2020-Q1,BNR,172294.3,197594.5,-25300.2
stock,2020-Q1,X,844834.3,371801.3,473033.0
stock,2020-Q2,H,786392.2,221324.6,565067.6
stock,2020-Q2,C,798958.5,1593187.4,-794228.9
stock,2020-Q2,F,742172.5,715070.4,27102.1
stock,2020-Q2,G,344826.9,610347.9,-265521.0
stock,2020-Q2,BNR,173266.0,200265.2,-26999.2
stock,2020-Q2,X,874990.6,380411.6,494579.0
stock,2020-Q3,H,801540.6,225082.1,576458.5
stock,2020-Q3,C,824411.4,1616489.8,-792078.4
stock,2020-Q3,F,760339.6,733812.7,26526.9
stock,2020-Q3,G,340997.3,638683.5,-297686.2
stock,2020-Q3,BNR,168020.9,195171.6,-27150.7
stock,2020-Q3,X,909842.6,395912.4,513930.2
stock,2020-Q4,H,865699.2,244088.7,621610.5
stock,2020-Q4,C,861864.1,1675320.4,-813456.3
stock,2020-Q4,F,801566.8,782022.5,19544.3
stock,2020-Q4,G,364916.7,709363.2,-344446.5
stock,2020-Q4,BNR,188961.2,215645.0,-26683.8
stock,2020-Q4,X,964333.1,420901.3,543431.8
stock,2021-Q1,H,876231.2,247029.2,629202.0
stock,2021-Q1,C,865299.9,1675023.1,-809723.2
stock,2021-Q1,F,825795.0,805060.9,20734.1
stock,2021-Q1,G,371034.0,722101.6,-351067.6
stock,2021-Q1,BNR,180418.1,205684.6,-25266.5
stock,2021-Q1,X,960107.6,423986.2,536121.4
stock,2021-Q2,H,889715.3,252582.7,637132.6
stock,2021-Q2,C,869083.0,1690796.4,-821713.4
stock,2021-Q2,F,851806.3,833987.8,17818.5
stock,2021-Q2,G,370512.7,740155.4,-369642.7
stock,2021-Q2,BNR,184910.5,210856.7,-25946.2
stock,2021-Q2,X,997126.0,434774.4,562351.6
stock,2021-Q3,H,889095.2,258874.0,630221.2
stock,2021-Q3,C,884987.9,1710017.9,-825030.0
stock,2021-Q3,F,877099.4,858976.5,18122.9
stock,2021-Q3,G,399051.2,762202.0,-363150.8
stock,2021-Q3,BNR,198632.2,225392.3,-26760.1
stock,2021-Q3,X,1027258.0,460661.4,566596.6
stock,2021-Q4,H,967757.2,255505.3,712251.9
stock,2021-Q4,C,1058183.5,1982739.7,-924556.2
stock,2021-Q4,F,932596.5,909630.6,22965.9
stock,2021-Q4,G,397543.0,766045.4,-368502.4
stock,2021-Q4,BNR,202143.3,230531.8,-28388.5
stock,2021-Q4,X,1054539.8,468310.5,586229.3
stock,2022-Q1,H,971854.3,259532.8,712321.5
stock,2022-Q1,C,1083573.7,2027814.3,-944240.6
stock,2022-Q1,F,934701.9,909673.9,25028.0
stock,2022-Q1,G,409017.5,772224.7,-363207.2
stock,2022-Q1,BNR,199744.7,230050.0,-30305.3
stock,2022-Q1,X,1086569.3,486165.5,600403.8
stock,2022-Q2,H,966920.9,265400.0,701520.9
stock,2022-Q2,C,1098993.1,2059649.1,-960656.0
stock,2022-Q2,F,954117.4,931187.1,22930.3
stock,2022-Q2,G,439736.7,755317.3,-315580.6
stock,2022-Q2,BNR,218949.2,248877.1,-29927.9
stock,2022-Q2,X,1075656.7,493943.3,581713.4
stock,2022-Q3,H,991227.3,268240.9,722986.4
stock,2022-Q3,C,1136768.3,2102430.0,-965661.7
stock,2022-Q3,F,969583.4,946857.4,22726.0
stock,2022-Q3,G,441481.2,770134.2,-328653.0
stock,2022-Q3,BNR,220423.1,249077.9,-28654.8
stock,2022-Q3,X,1098537.7,521280.7,577257.0
stock,2022-Q4,H,1097655.3,274440.9,823214.4
stock,2022-Q4,C,1188752.4,2232868.3,-1044115.9
stock,2022-Q4,F,999352.8,979375.4,19977.4
stock,2022-Q4,G,438291.0,821842.2,-383551.2
stock,2022-Q4,BNR,224190.8,254230.6,-30039.8
stock,2022-Q4,X,1139969.0,525453.8,614515.2
stock,2023-Q1,H,1126888.1,274528.9,852359.2
stock,2023-Q1,C,1193304.0,2234460.0,-1041156.0
stock,2023-Q1,F,1020643.6,995149.4,25494.2
stock,2023-Q1,G,470491.4,892392.0,-421900.6
stock,2023-Q1,BNR,259168.7,290139.2,-30970.5
stock,2023-Q1,X,1170525.5,554351.9,616173.6
stock,2023-Q2,H,1153808.2,277116.3,876691.9
stock,2023-Q2,C,1207489.3,2273961.2,-1066471.9
stock,2023-Q2,F,1061659.0,1031006.2,30652.8
stock,2023-Q2,G,474702.0,934279.3,-459577.3
stock,2023-Q2,BNR,257052.5,287014.5,-29962.0
stock,2023-Q2,X,1222166.7,573500.2,648666.5
stock,2023-Q3,H,1159329.8,280475.1,878854.7
stock,2023-Q3,C,1232097.5,2317041.4,-1084943.9
stock,2023-Q3,F,1085219.7,1059976.2,25243.5
stock,2023-Q3,G,539651.3,985298.7,-445647.4
stock,2023-Q3,BNR,285384.6,314674.0,-29289.4
stock,2023-Q3,X,1274060.1,618277.6,655782.5
stock,2023-Q4,H,1180790.0,295074.5,885715.5
stock,2023-Q4,C,1176636.5,2242383.9,-1065747.4
stock,2023-Q4,F,1147263.2,1126859.2,20404.0
stock,2023-Q4,G,541701.9,1042079.6,-500377.7
stock,2023-Q4,BNR,289260.4,322279.2,-33018.8
stock,2023-Q4,X,1341675.1,648650.7,693024.4
stock,2024-Q1,H,1210617.5,298022.3,912595.2
stock,2024-Q1,C,1205109.6,2273019.4,-1067909.8
stock,2024-Q1,F,1179164.4,1163395.7,15768.7
stock,2024-Q1,G,586633.8,1116785.3,-530151.5
stock,2024-Q1,BNR,309245.6,344777.6,-35532.0
stock,2024-Q1,X,1390691.8,685462.4,705229.4
stock,2024-Q2,H,1238940.3,305796.8,933143.5
stock,2024-Q2,C,1235534.0,2340544.7,-1105010.7
stock,2024-Q2,F,1213730.8,1192918.0,20812.8
stock,2024-Q2,G,589089.2,1133087.5,-543998.3
stock,2024-Q2,BNR,311518.1,348041.6,-36523.5
stock,2024-Q2,X,1423584.0,692008.3,731575.7
stock,2024-Q3,H,1274342.2,313723.0,960619.2
stock,2024-Q3,C,1277490.5,2391852.6,-1114362.1
stock,2024-Q3,F,1232504.0,1216600.4,15903.6
stock,2024-Q3,G,602475.3,1199393.9,-596918.6
stock,2024-Q3,BNR,317592.8,355803.2,-38210.4
stock,2024-Q3,X,1470230.5,697262.3,772968.2
stock,2024-Q4,H,1298521.7,319823.8,978697.9
stock,2024-Q4,C,1282737.0,2384602.6,-1101865.6
stock,2024-Q4,F,1289248.8,1259240.0,30008.8
stock,2024-Q4,G,603528.5,1232511.4,-628982.9
stock,2024-Q4,BNR,298127.3,341816.8,-43689.5
stock,2024-Q4,X,1474826.8,708995.3,765831.5
stock,2025-Q1,H,1319272.5,322413.8,996858.7
stock,2025-Q1,C,1286931.1,2399876.4,-1112945.3
stock,2025-Q1,F,1307231.0,1272731.1,34499.9
stock,2025-Q1,G,614914.2,1274063.8,-659149.6
stock,2025-Q1,BNR,296753.4,345165.8,-48412.4
stock,2025-Q1,X,1499152.6,710004.1,789148.5
stock,2025-Q2,H,1324226.7,330800.2,993426.5
stock,2025-Q2,C,1289138.3,2419276.8,-1130138.5
stock,2025-Q2,F,1338503.1,1302861.7,35641.4
stock,2025-Q2,G,640070.2,1329030.9,-688960.7
stock,2025-Q2,BNR,288428.2,334654.9,-46226.7
stock,2025-Q2,X,1559778.5,723520.9,836257.6
stock,2025-Q3,H,1338241.9,335013.9,1003228.0
stock,2025-Q3,C,1301067.9,2444210.6,-1143142.7
stock,2025-Q3,F,1367519.3,1338829.4,28689.9
stock,2025-Q3,G,685605.0,1395116.1,-709511.1
stock,2025-Q3,BNR,321754.7,374848.9,-53094.2
stock,2025-Q3,X,1621380.5,747550.3,873830.2
stock,2025-Q4,H,1368124.0,336622.9,1031501.1
stock,2025-Q4,C,1336381.5,2473175.0,-1136793.5
stock,2025-Q4,F,1452300.1,1426249.4,26050.7
stock,2025-Q4,G,691983.5,1453569.5,-761586.0
stock,2025-Q4,BNR,319955.8,381916.9,-61961.1
stock,2025-Q4,X,1687915.7,785126.9,902788.8
stock,2026-Q1,H,1364123.9,339980.9,1024143.0
stock,2026-Q1,C,1338898.7,2489012.7,-1150114.0
stock,2026-Q1,F,1487476.2,1460961.9,26514.3
stock,2026-Q1,G,744834.2,1481799.9,-736965.7
stock,2026-Q1,BNR,330770.5,399555.1,-68784.6
stock,2026-Q1,X,1697777.0,792570.2,905206.8